Job Title,Company,Location,Salary,Skills,Industry,Experience,Employment Type,Publication Date
Senior Data Engineer,Cognizant,"Remote, India",18.2-49.0 LPA,"SQL, Docker, AWS, Spark, Python, Azure",Healthcare,5+ Years,Part-time,2026-06-11 18:04:16
DevOps Engineer,Airtel,"Remote, India",4.0-7.5 LPA,"Docker, Azure, AWS, Python",Telecommunications,0-2 Years,Part-time,2026-05-11 21:55:16
Cloud Architect,ICICI Bank,"Mumbai, India",5.6-10.5 LPA,"Docker, Azure, AWS",Information Technology,0-2 Years,Full-time,2026-05-28 21:56:16
Data Engineer,Flipkart,"Mumbai, India",2.5-4.5 LPA,"SQL, Docker, AWS, Spark, Python",Consulting,Fresher,Internship,2026-04-19 01:39:16
Business Analyst,Cognizant,"Remote, India",10.4-28.0 LPA,"Tableau, SQL, Docker, AWS, Power BI, Excel",Telecommunications,5+ Years,Full-time,2026-05-30 06:22:16
Full Stack Developer,Google India,"Remote, India",4.0-7.5 LPA,"SQL, Docker, Spark, Python, Azure",Finance & Banking,0-2 Years,Part-time,2026-05-22 17:47:16
Data Scientist,Infosys,"Bangalore, India",4.0-7.5 LPA,"SQL, Tableau, AWS, Spark, Python",E-commerce,0-2 Years,Full-time,2026-05-23 03:21:16
DevOps Engineer,KPMG,"Mumbai, India",4.5 LPA,"Docker, AWS, Spark, Power BI, Python, Azure",Information Technology,Fresher,Part-time,2026-04-23 13:31:16
Python Developer,Flipkart,"Remote, India",4.0-7.5 LPA,"Docker, Python, AWS, SQL",Retail,0-2 Years,Part-time,2026-04-09 02:44:16
Data Engineer,Google India,"Remote, India",7.0-14.0 LPA,"SQL, Tableau, Docker, AWS, Spark, Python, Excel",Healthcare,2-5 Years,Internship,2026-04-15 13:21:16
Data Analyst,HDFC Bank,"Remote, India",10.4-28.0 LPA,"SQL, Tableau, Spark, Power BI, Excel",Retail,5+ Years,Internship,2026-06-16 07:28:16
Data Engineer,Tech Mahindra,"Hyderabad, India",14.0 LPA,"SQL, Docker, AWS, Spark, Python",Telecommunications,2-5 Years,Internship,2026-06-19 08:06:16
Software Engineer,Infosys,"Pune, India",13.0-35.0 LPA,"SQL, Docker, Python, Azure, Excel",Retail,5+ Years,Full-time,2026-06-13 05:04:16
Software Engineer,Reliance Jio,"Noida, India",13.0-35.0 LPA,"Docker, Python, SQL, Spark",Healthcare,5+ Years,Full-time,2026-04-10 18:16:16
DevOps Engineer,Wipro,"Bangalore, India",13.0-35.0 LPA,"SQL, Docker, AWS, Python, Azure",Consulting,5+ Years,Contract,2026-04-28 04:04:16
Data Engineer,Airtel,"Mumbai, India",2.5-4.5 LPA,"SQL, Docker, AWS, Spark, Python",Finance & Banking,Fresher,Full-time,2026-06-12 01:16:16
Business Analyst,Microsoft India,"Pune, India",2.0-3.6 LPA,"Tableau, SQL, Power BI, Azure, Excel",E-commerce,Fresher,Full-time,2026-04-20 05:39:16
Data Scientist,Microsoft India,"Remote, India",7.0-14.0 LPA,"SQL, AWS, Spark, Power BI, Python, Azure",Telecommunications,2-5 Years,Part-time,2026-06-15 18:42:16
Business Analyst,PhonePe,"Mumbai, India",5.6-11.2 LPA,"Tableau, SQL, Docker, AWS, Power BI, Azure, Excel",Telecommunications,2-5 Years,Part-time,2026-07-06 15:28:16
Senior Data Engineer,Amazon,"Remote, India",9.8-19.6 LPA,"SQL, Docker, AWS, Spark, Python, Azure",Healthcare,2-5 Years,Part-time,2026-05-05 17:26:16
BI Developer,Amazon,"Mumbai, India",13.0-35.0 LPA,"Tableau, SQL, Excel, Power BI",Finance & Banking,5+ Years,Full-time,2026-05-18 23:17:16
Data Engineer,Accenture,"Remote, India",4.0-7.5 LPA,"SQL, Docker, AWS, Spark, Python, Azure",Healthcare,0-2 Years,Contract,2026-06-14 15:44:16
BI Developer,Infosys,"Remote, India",4.0-7.5 LPA,"Tableau, SQL, Docker, Power BI, Python, Excel",Information Technology,0-2 Years,Part-time,2026-04-12 05:57:16
Cloud Architect,Wipro,"Mumbai, India",9.8-19.6 LPA,"Docker, Azure, AWS, Spark",E-commerce,2-5 Years,Full-time,2026-06-08 14:24:16
Machine Learning Engineer,Tata Consultancy Services,"Remote, India",2.5-4.5 LPA,"SQL, Docker, AWS, Spark, Power BI, Python",Healthcare,Fresher,Contract,2026-04-09 22:37:16
Data Scientist,KPMG,"Remote, India",7.0-14.0 LPA,"Python, AWS, SQL, Spark",Finance & Banking,2-5 Years,Contract,2026-07-02 08:28:16
Senior Data Engineer,CRED,"Chennai, India",10.5 LPA,"SQL, Tableau, Docker, AWS, Spark, Python, Azure",E-commerce,0-2 Years,Full-time,2026-04-24 12:46:16
Business Analyst,HCLTech,"Remote, India",5.6-11.2 LPA,"Tableau, SQL, Power BI, Python, Excel",Consulting,2-5 Years,Part-time,2026-07-07 06:22:16
Data Engineer,Wipro,"Remote, India",7.0-14.0 LPA,"SQL, Docker, AWS, Spark, Python",Finance & Banking,2-5 Years,Full-time,2026-07-03 20:49:16
BI Developer,PwC,"Delhi NCR, India",4.5 LPA,"Tableau, SQL, Spark, Power BI, Azure, Excel",Retail,Fresher,Contract,2026-04-22 09:11:16
Business Analyst,Paytm,"Pune, India",10.4-28.0 LPA,"Tableau, Power BI, SQL, Excel",Telecommunications,5+ Years,Contract,2026-05-05 03:14:16
Python Developer,Microsoft India,"Hyderabad, India",2.5-4.5 LPA,"SQL, Docker, AWS, Power BI, Python, Excel",Finance & Banking,Fresher,Part-time,2026-04-30 14:03:16
Senior Data Engineer,Tata Consultancy Services,"Hyderabad, India",18.2-49.0 LPA,"SQL, Docker, AWS, Spark, Power BI, Python, Azure",Telecommunications,5+ Years,Full-time,2026-06-29 00:26:16
Database Administrator,Wipro,"Remote, India",4.0-7.5 LPA,"SQL, Tableau, Docker, Azure, Excel",Healthcare,0-2 Years,Part-time,2026-07-06 03:02:16
BI Developer,Reliance Jio,"Bangalore, India",2.5-4.5 LPA,"Tableau, SQL, Docker, Power BI, Excel",Finance & Banking,Fresher,Part-time,2026-04-08 22:37:16
Business Analyst,HDFC Bank,"Chennai, India",10.4-28.0 LPA,"Tableau, SQL, Docker, Power BI, Excel",Healthcare,5+ Years,Part-time,2026-05-28 17:22:16
Business Analyst,KPMG,"Remote, India",5.6-11.2 LPA,"Tableau, SQL, Docker, Power BI, Excel",Consulting,2-5 Years,Contract,2026-05-31 21:57:16
Data Engineer,PwC,"Remote, India",35.0 LPA,"SQL, Tableau, Docker, AWS, Spark, Power BI, Python",E-commerce,5+ Years,Full-time,2026-04-18 16:58:16
Python Developer,Reliance Jio,"Remote, India",2.5-4.5 LPA,"Docker, Python, AWS, SQL",Finance & Banking,Fresher,Part-time,2026-06-20 19:11:16
Senior Data Engineer,ICICI Bank,"Hyderabad, India",9.8-19.6 LPA,"SQL, Docker, AWS, Spark, Python, Azure, Excel",Telecommunications,2-5 Years,Full-time,2026-06-03 19:33:16
Full Stack Developer,Cognizant,"Hyderabad, India",7.0-14.0 LPA,"SQL, Docker, Spark, Python, Azure, Excel",Healthcare,2-5 Years,Contract,2026-05-20 09:40:16
Data Analyst,ICICI Bank,"Remote, India",2.0-3.6 LPA,"SQL, Tableau, Power BI, Azure, Excel",Finance & Banking,Fresher,Full-time,2026-05-12 21:43:16
Business Analyst,Tech Mahindra,"Remote, India",3.2-6.0 LPA,"Tableau, SQL, Power BI, Python, Excel",E-commerce,0-2 Years,Contract,2026-05-14 23:45:16
Data Engineer,Deloitte,"Remote, India",4.0-7.5 LPA,"SQL, Docker, AWS, Spark, Python",Finance & Banking,0-2 Years,Full-time,2026-06-30 11:17:16
Software Engineer,Accenture,"Remote, India",2.5-4.5 LPA,"SQL, Tableau, Docker, AWS, Python",Healthcare,Fresher,Internship,2026-06-10 18:13:16
Business Analyst,Accenture,"Noida, India",10.4-28.0 LPA,"Tableau, SQL, AWS, Spark, Power BI, Excel",Telecommunications,5+ Years,Part-time,2026-05-22 06:14:16
Python Developer,Airtel,"Remote, India",7.0-14.0 LPA,"SQL, Docker, AWS, Python, Excel",Healthcare,2-5 Years,Full-time,2026-04-29 21:23:16
Data Scientist,Deloitte,"Hyderabad, India",13.0-35.0 LPA,"SQL, Tableau, AWS, Spark, Python",E-commerce,5+ Years,Part-time,2026-05-31 04:36:16
Machine Learning Engineer,KPMG,"Gurgaon, India",4.0-7.5 LPA,"Docker, AWS, Spark, Python, Azure",Finance & Banking,0-2 Years,Internship,2026-06-04 03:06:16
Data Analyst,Accenture,"Remote, India",3.2-6.0 LPA,"SQL, Power BI, Tableau, Excel",Consulting,0-2 Years,Part-time,2026-05-01 00:48:16
DevOps Engineer,PwC,"Remote, India",7.0-14.0 LPA,"Docker, AWS, Spark, Python, Azure",Healthcare,2-5 Years,Internship,2026-05-19 05:05:16
Full Stack Developer,Deloitte,"Mumbai, India",4.0-7.5 LPA,"SQL, Docker, Spark, Python, Azure",Healthcare,0-2 Years,Internship,2026-05-21 15:06:16
Data Engineer,Amazon,"Remote, India",4.0-7.5 LPA,"SQL, Tableau, Docker, AWS, Spark, Python",E-commerce,0-2 Years,Part-time,2026-06-12 16:18:16
DevOps Engineer,Tech Mahindra,"Hyderabad, India",7.0-14.0 LPA,"Docker, AWS, Power BI, Python, Azure",Telecommunications,2-5 Years,Part-time,2026-06-20 14:02:16
Full Stack Developer,KPMG,"Pune, India",7.0-14.0 LPA,"SQL, Docker, Python, Azure, Excel",E-commerce,2-5 Years,Internship,2026-04-29 01:21:16
DevOps Engineer,Cognizant,"Pune, India",4.0-7.5 LPA,"Docker, AWS, Spark, Python, Azure, Excel",Healthcare,0-2 Years,Contract,2026-05-13 03:49:16
Data Scientist,Airtel,"Delhi NCR, India",2.5-4.5 LPA,"SQL, AWS, Spark, Python, Excel",Healthcare,Fresher,Part-time,2026-05-20 05:35:16
Business Analyst,Airtel,"Bangalore, India",5.6-11.2 LPA,"Tableau, Power BI, SQL, Excel",Information Technology,2-5 Years,Part-time,2026-06-22 00:37:16
Cloud Architect,Accenture,"Remote, India",5.6-10.5 LPA,"Docker, Azure, AWS, Power BI",Consulting,0-2 Years,Part-time,2026-06-27 01:52:16
Machine Learning Engineer,Cognizant,"Noida, India",7.0-14.0 LPA,"Docker, AWS, Spark, Python, Azure, Excel",Consulting,2-5 Years,Contract,2026-07-06 20:38:16
Data Engineer,Wipro,"Delhi NCR, India",4.0-7.5 LPA,"SQL, Docker, AWS, Spark, Python, Azure",Consulting,0-2 Years,Part-time,2026-06-29 11:09:16
Cloud Architect,Tata Consultancy Services,"Chennai, India",3.5-6.3 LPA,"Docker, Azure, AWS, Tableau",Telecommunications,Fresher,Full-time,2026-04-22 10:55:16
Senior Data Engineer,Tata Consultancy Services,"Pune, India",3.5-6.3 LPA,"SQL, Docker, AWS, Spark, Python, Azure",Information Technology,Fresher,Full-time,2026-05-06 13:17:16
Data Engineer,PhonePe,"Gurgaon, India",4.0-7.5 LPA,"SQL, Docker, AWS, Spark, Python, Azure",Consulting,0-2 Years,Contract,2026-05-17 01:16:16
Business Analyst,HCLTech,"Remote, India",3.2-6.0 LPA,"Tableau, SQL, Power BI, Azure, Excel",Retail,0-2 Years,Full-time,2026-05-01 10:38:16
Software Engineer,Tech Mahindra,"Chennai, India",7.0-14.0 LPA,"Docker, Python, AWS, SQL",Healthcare,2-5 Years,Full-time,2026-06-08 00:54:16
Data Engineer,PhonePe,"Chennai, India",2.5-4.5 LPA,"SQL, Tableau, Docker, AWS, Spark, Python",E-commerce,Fresher,Part-time,2026-06-02 11:33:16
Software Engineer,Tata Consultancy Services,"Remote, India",2.5-4.5 LPA,"Docker, Python, Azure, SQL",Consulting,Fresher,Part-time,2026-06-06 06:12:16
Software Engineer,Tata Consultancy Services,"Remote, India",13.0-35.0 LPA,"Docker, Python, Azure, SQL",Retail,5+ Years,Internship,2026-04-26 20:09:16
Data Scientist,EY,"Mumbai, India",4.0-7.5 LPA,"Python, AWS, SQL, Spark",E-commerce,0-2 Years,Internship,2026-05-10 20:42:16
Python Developer,Flipkart,"Mumbai, India",14.0 LPA,"SQL, Docker, AWS, Python, Azure",E-commerce,2-5 Years,Full-time,2026-06-12 18:25:16
Data Scientist,PwC,"Remote, India",4.0-7.5 LPA,"Python, AWS, SQL, Spark",Retail,0-2 Years,Part-time,2026-07-06 00:47:16
Data Analyst,Reliance Jio,"Remote, India",2.0-3.6 LPA,"SQL, Tableau, Power BI, Azure, Excel",Finance & Banking,Fresher,Internship,2026-05-25 07:51:16
BI Developer,KPMG,"Mumbai, India",2.5-4.5 LPA,"Tableau, SQL, Excel, Power BI",Telecommunications,Fresher,Part-time,2026-06-03 22:55:16
Senior Data Engineer,Amazon,"Remote, India",9.8-19.6 LPA,"SQL, Docker, AWS, Spark, Python, Azure",Information Technology,2-5 Years,Contract,2026-06-29 18:22:16
Machine Learning Engineer,Airtel,"Bangalore, India",13.0-35.0 LPA,"SQL, Docker, AWS, Spark, Python",Telecommunications,5+ Years,Full-time,2026-05-28 11:19:16
Senior Data Engineer,KPMG,"Bangalore, India",19.6 LPA,"SQL, Docker, AWS, Spark, Power BI, Python, Azure",Telecommunications,2-5 Years,Contract,2026-04-27 05:31:16
Database Administrator,CRED,"Bangalore, India",2.5-4.5 LPA,"SQL, AWS, Spark, Azure, Excel",Consulting,Fresher,Contract,2026-06-23 01:04:16
Data Analyst,Flipkart,"Gurgaon, India",2.0-3.6 LPA,"SQL, Tableau, Power BI, Azure, Excel",Information Technology,Fresher,Contract,2026-05-27 23:00:16
Data Analyst,ICICI Bank,"Noida, India",10.4-28.0 LPA,"SQL, Power BI, Tableau, Excel",Retail,5+ Years,Part-time,2026-05-28 14:27:16
Senior Data Engineer,HDFC Bank,"Delhi NCR, India",18.2-49.0 LPA,"SQL, Docker, AWS, Spark, Python, Azure",Retail,5+ Years,Contract,2026-05-22 04:17:16
Python Developer,Cognizant,"Remote, India",7.0-14.0 LPA,"SQL, Docker, AWS, Power BI, Python, Azure",Retail,2-5 Years,Internship,2026-07-04 19:29:16
Business Analyst,Tata Consultancy Services,"Hyderabad, India",5.6-11.2 LPA,"Tableau, Power BI, SQL, Excel",Finance & Banking,2-5 Years,Full-time,2026-04-26 05:17:16
Software Engineer,Infosys,"Delhi NCR, India",4.0-7.5 LPA,"SQL, Docker, AWS, Python, Azure",Information Technology,0-2 Years,Contract,2026-05-28 21:16:16
Data Engineer,Deloitte,"Delhi NCR, India",7.0-14.0 LPA,"SQL, Docker, AWS, Spark, Python, Excel",Finance & Banking,2-5 Years,Full-time,2026-06-01 23:29:16
Python Developer,Wipro,"Remote, India",13.0-35.0 LPA,"SQL, Tableau, Docker, AWS, Python",Consulting,5+ Years,Part-time,2026-05-19 02:31:16
Data Scientist,Cognizant,"Remote, India",7.0-14.0 LPA,"SQL, Tableau, AWS, Spark, Power BI, Python",Finance & Banking,2-5 Years,Internship,2026-04-08 12:11:16
Database Administrator,Tata Consultancy Services,"Chennai, India",13.0-35.0 LPA,"SQL, Azure, Excel",Telecommunications,5+ Years,Contract,2026-05-02 05:12:16
Software Engineer,HCLTech,"Mumbai, India",7.5 LPA,"Docker, Python, Azure, SQL",Healthcare,0-2 Years,Full-time,2026-04-19 10:39:16
Data Analyst,Reliance Jio,"Gurgaon, India",10.4-28.0 LPA,"SQL, Tableau, AWS, Power BI, Excel",Finance & Banking,5+ Years,Full-time,2026-05-05 14:18:16
Machine Learning Engineer,Amazon,"Remote, India",2.5-4.5 LPA,"SQL, Docker, AWS, Spark, Python",Finance & Banking,Fresher,Full-time,2026-05-17 08:54:16
Full Stack Developer,Google India,"Remote, India",7.0-14.0 LPA,"SQL, Docker, AWS, Spark, Python, Azure",Finance & Banking,2-5 Years,Contract,2026-04-22 02:48:16
Cloud Architect,Wipro,"Remote, India",18.2-49.0 LPA,"Docker, Azure, AWS, Tableau",Information Technology,5+ Years,Full-time,2026-04-07 18:26:16
Senior Data Engineer,PhonePe,"Noida, India",9.8-19.6 LPA,"SQL, Docker, AWS, Spark, Python, Azure",Consulting,2-5 Years,Part-time,2026-06-02 04:37:16
Data Scientist,CRED,"Remote, India",4.0-7.5 LPA,"SQL, AWS, Spark, Python, Excel",Information Technology,0-2 Years,Contract,2026-06-26 07:06:16
Software Engineer,Infosys,"Remote, India",13.0-35.0 LPA,"Docker, Python, SQL, Power BI",Consulting,5+ Years,Internship,2026-04-08 15:02:16
Business Analyst,PhonePe,"Remote, India",10.4-28.0 LPA,"Tableau, SQL, Docker, AWS, Power BI, Excel",E-commerce,5+ Years,Internship,2026-05-29 18:13:16
Full Stack Developer,HCLTech,"Hyderabad, India",2.5-4.5 LPA,"SQL, Docker, Power BI, Python, Azure",Retail,Fresher,Full-time,2026-06-09 04:40:16
DevOps Engineer,Amazon,"Chennai, India",4.0-7.5 LPA,"Tableau, Docker, AWS, Spark, Python, Azure",Consulting,0-2 Years,Contract,2026-05-15 15:54:16
Python Developer,HDFC Bank,"Hyderabad, India",4.0-7.5 LPA,"SQL, Docker, AWS, Spark, Python",Finance & Banking,0-2 Years,Full-time,2026-05-14 22:07:16
Data Engineer,PhonePe,"Remote, India",7.0-14.0 LPA,"SQL, Docker, AWS, Spark, Power BI, Python, Excel",E-commerce,2-5 Years,Internship,2026-06-29 20:52:16
Cloud Architect,Airtel,"Noida, India",3.5-6.3 LPA,"Tableau, Docker, AWS, Python, Azure",E-commerce,Fresher,Full-time,2026-06-28 12:03:16
Cloud Architect,Airtel,"Gurgaon, India",18.2-49.0 LPA,"Docker, AWS, Spark, Power BI, Azure",E-commerce,5+ Years,Part-time,2026-04-22 06:43:16
DevOps Engineer,Tech Mahindra,"Pune, India",13.0-35.0 LPA,"Docker, AWS, Python, Azure, Excel",Telecommunications,5+ Years,Full-time,2026-05-14 04:19:16
Data Engineer,PhonePe,"Chennai, India",7.0-14.0 LPA,"SQL, Docker, AWS, Spark, Python",Consulting,2-5 Years,Full-time,2026-06-29 04:42:16
Machine Learning Engineer,Deloitte,"Remote, India",13.0-35.0 LPA,"Tableau, SQL, Docker, AWS, Spark, Power BI, Python",Healthcare,5+ Years,Contract,2026-05-01 13:40:16
BI Developer,Amazon,"Remote, India",13.0-35.0 LPA,"Tableau, SQL, Power BI, Azure, Excel",Telecommunications,5+ Years,Part-time,2026-06-03 13:06:16
Software Engineer,Tech Mahindra,"Gurgaon, India",4.0-7.5 LPA,"Docker, Python, SQL, Tableau",Telecommunications,0-2 Years,Part-time,2026-07-06 02:00:16
Machine Learning Engineer,Tech Mahindra,"Pune, India",4.0-7.5 LPA,"SQL, Docker, AWS, Spark, Python",E-commerce,0-2 Years,Part-time,2026-05-20 02:02:16
BI Developer,HDFC Bank,"Remote, India",4.0-7.5 LPA,"Tableau, SQL, AWS, Power BI, Excel",E-commerce,0-2 Years,Part-time,2026-06-22 12:39:16
Python Developer,Microsoft India,"Noida, India",2.5-4.5 LPA,"SQL, Docker, AWS, Python, Excel",Healthcare,Fresher,Internship,2026-04-11 00:48:16
Data Scientist,Paytm,"Bangalore, India",7.0-14.0 LPA,"Python, AWS, SQL, Spark",Consulting,2-5 Years,Internship,2026-05-12 13:12:16
Cloud Architect,KPMG,"Hyderabad, India",18.2-49.0 LPA,"Docker, Azure, AWS",Information Technology,5+ Years,Full-time,2026-06-05 23:35:16
Python Developer,Wipro,"Pune, India",13.0-35.0 LPA,"Docker, Python, AWS, SQL",Telecommunications,5+ Years,Part-time,2026-06-27 11:54:16
DevOps Engineer,Accenture,"Hyderabad, India",2.5-4.5 LPA,"Tableau, Docker, AWS, Spark, Python, Azure",Telecommunications,Fresher,Internship,2026-05-04 02:13:16
Full Stack Developer,Amazon,"Remote, India",13.0-35.0 LPA,"Docker, Python, Azure, SQL",Retail,5+ Years,Contract,2026-04-15 00:09:16
Database Administrator,Accenture,"Remote, India",4.0-7.5 LPA,"SQL, Azure, Spark, Excel",E-commerce,0-2 Years,Internship,2026-06-21 23:26:16
Full Stack Developer,Microsoft India,"Noida, India",13.0-35.0 LPA,"SQL, Docker, Power BI, Python, Azure",Finance & Banking,5+ Years,Full-time,2026-04-13 20:11:16
Database Administrator,Tata Consultancy Services,"Delhi NCR, India",13.0-35.0 LPA,"Power BI, SQL, Azure, Excel",Telecommunications,5+ Years,Full-time,2026-05-09 18:47:16
DevOps Engineer,CRED,"Pune, India",14.0 LPA,"Tableau, Docker, AWS, Spark, Python, Azure",Healthcare,2-5 Years,Internship,2026-04-22 03:16:16
Python Developer,Microsoft India,"Remote, India",4.0-7.5 LPA,"SQL, Docker, AWS, Power BI, Python",Consulting,0-2 Years,Part-time,2026-04-19 20:06:16
Data Scientist,Tata Consultancy Services,"Noida, India",7.0-14.0 LPA,"SQL, AWS, Spark, Power BI, Python",E-commerce,2-5 Years,Contract,2026-05-02 09:24:16
BI Developer,EY,"Remote, India",2.5-4.5 LPA,"Tableau, SQL, Excel, Power BI",Healthcare,Fresher,Contract,2026-04-18 19:46:16
Full Stack Developer,Wipro,"Pune, India",4.0-7.5 LPA,"SQL, Docker, Python, Azure, Excel",Information Technology,0-2 Years,Contract,2026-06-01 07:26:16
BI Developer,Deloitte,"Remote, India",2.5-4.5 LPA,"Tableau, SQL, Excel, Power BI",Finance & Banking,Fresher,Part-time,2026-04-25 01:54:16
Cloud Architect,Reliance Jio,"Gurgaon, India",9.8-19.6 LPA,"Docker, Azure, AWS, Spark",Telecommunications,2-5 Years,Internship,2026-05-25 15:39:16
Cloud Architect,Tata Consultancy Services,"Chennai, India",18.2-49.0 LPA,"Docker, Azure, AWS, Excel",E-commerce,5+ Years,Internship,2026-05-19 18:35:16
Data Analyst,Reliance Jio,"Remote, India",3.2-6.0 LPA,"SQL, Tableau, Docker, Power BI, Excel",Consulting,0-2 Years,Full-time,2026-06-16 17:39:16
DevOps Engineer,PhonePe,"Chennai, India",2.5-4.5 LPA,"SQL, Docker, AWS, Power BI, Python, Azure",Consulting,Fresher,Part-time,2026-04-19 16:39:16
Data Analyst,Reliance Jio,"Gurgaon, India",3.2-6.0 LPA,"SQL, Tableau, Docker, Power BI, Azure, Excel",Finance & Banking,0-2 Years,Full-time,2026-06-01 22:03:16
Cloud Architect,KPMG,"Noida, India",3.5-6.3 LPA,"Docker, Azure, AWS, Power BI",Healthcare,Fresher,Contract,2026-06-19 13:06:16
Machine Learning Engineer,HDFC Bank,"Remote, India",14.0 LPA,"SQL, Docker, AWS, Spark, Power BI, Python",E-commerce,2-5 Years,Full-time,2026-06-17 04:14:16
Data Scientist,HDFC Bank,"Remote, India",7.5 LPA,"SQL, Tableau, AWS, Spark, Power BI, Python, Excel",Information Technology,0-2 Years,Full-time,2026-05-04 16:16:16
Database Administrator,PwC,"Remote, India",4.5 LPA,"SQL, Azure, AWS, Excel",Finance & Banking,Fresher,Contract,2026-05-20 17:52:16
Full Stack Developer,Wipro,"Remote, India",13.0-35.0 LPA,"SQL, Docker, Python, Azure, Excel",Consulting,5+ Years,Full-time,2026-06-20 06:29:16
Data Scientist,Infosys,"Remote, India",4.0-7.5 LPA,"SQL, Docker, AWS, Spark, Python",Retail,0-2 Years,Part-time,2026-05-18 07:16:16
Cloud Architect,ICICI Bank,"Noida, India",18.2-49.0 LPA,"SQL, Docker, AWS, Python, Azure",Healthcare,5+ Years,Full-time,2026-07-04 07:17:16
DevOps Engineer,Deloitte,"Remote, India",4.0-7.5 LPA,"Docker, AWS, Spark, Python, Azure",Consulting,0-2 Years,Contract,2026-04-29 12:18:16
Full Stack Developer,KPMG,"Remote, India",7.0-14.0 LPA,"Docker, Python, Azure, SQL",Information Technology,2-5 Years,Contract,2026-04-22 09:52:16
Database Administrator,Cognizant,"Remote, India",4.0-7.5 LPA,"SQL, Docker, AWS, Azure, Excel",Information Technology,0-2 Years,Part-time,2026-07-06 14:11:16
Python Developer,PhonePe,"Remote, India",4.0-7.5 LPA,"SQL, Docker, AWS, Spark, Python",Information Technology,0-2 Years,Part-time,2026-06-05 16:29:16
Data Scientist,Infosys,"Remote, India",4.0-7.5 LPA,"SQL, Docker, AWS, Spark, Power BI, Python",Finance & Banking,0-2 Years,Part-time,2026-06-27 16:52:16
Cloud Architect,Paytm,"Remote, India",9.8-19.6 LPA,"Docker, AWS, Spark, Azure, Excel",Finance & Banking,2-5 Years,Contract,2026-06-12 02:16:16
Data Engineer,Tech Mahindra,"Bangalore, India",4.0-7.5 LPA,"SQL, Docker, AWS, Spark, Python, Azure",Finance & Banking,0-2 Years,Part-time,2026-04-10 02:43:16
DevOps Engineer,Tech Mahindra,"Chennai, India",13.0-35.0 LPA,"Docker, AWS, Python, Azure, Excel",Information Technology,5+ Years,Full-time,2026-06-03 21:53:16
BI Developer,Reliance Jio,"Noida, India",13.0-35.0 LPA,"Tableau, SQL, Power BI, Azure, Excel",Telecommunications,5+ Years,Full-time,2026-05-09 09:11:16
DevOps Engineer,HDFC Bank,"Delhi NCR, India",4.0-7.5 LPA,"SQL, Docker, AWS, Python, Azure, Excel",Information Technology,0-2 Years,Contract,2026-05-30 17:53:16
DevOps Engineer,Microsoft India,"Remote, India",13.0-35.0 LPA,"Docker, AWS, Python, Azure, Excel",E-commerce,5+ Years,Internship,2026-07-05 00:54:16
Machine Learning Engineer,CRED,"Noida, India",35.0 LPA,"Docker, AWS, Spark, Python, Azure",Information Technology,5+ Years,Internship,2026-04-11 20:11:16
DevOps Engineer,EY,"Chennai, India",13.0-35.0 LPA,"SQL, Tableau, Docker, AWS, Power BI, Python, Azure",E-commerce,5+ Years,Contract,2026-07-02 06:02:16
Data Analyst,Google India,"Remote, India",2.0-3.6 LPA,"SQL, Tableau, Spark, Power BI, Excel",Retail,Fresher,Internship,2026-05-13 16:43:16
DevOps Engineer,Reliance Jio,"Gurgaon, India",7.0-14.0 LPA,"Docker, AWS, Power BI, Python, Azure",Information Technology,2-5 Years,Part-time,2026-04-26 02:37:16
DevOps Engineer,PwC,"Remote, India",2.5-4.5 LPA,"Tableau, Docker, AWS, Python, Azure",Healthcare,Fresher,Internship,2026-05-26 00:42:16
Machine Learning Engineer,Paytm,"Remote, India",7.0-14.0 LPA,"Docker, AWS, Spark, Python, Excel",Consulting,2-5 Years,Part-time,2026-05-07 17:49:16
Machine Learning Engineer,Microsoft India,"Remote, India",4.5 LPA,"Docker, AWS, Spark, Python, Excel",Finance & Banking,Fresher,Part-time,2026-06-21 02:04:16
DevOps Engineer,Accenture,"Pune, India",14.0 LPA,"Docker, Azure, AWS, Python",Telecommunications,2-5 Years,Part-time,2026-05-24 22:36:16
Database Administrator,CRED,"Remote, India",2.5-4.5 LPA,"SQL, Azure, Excel",E-commerce,Fresher,Part-time,2026-07-03 16:24:16
Full Stack Developer,EY,"Remote, India",2.5-4.5 LPA,"SQL, Docker, AWS, Power BI, Python, Azure",Consulting,Fresher,Full-time,2026-07-04 05:15:16
Cloud Architect,Accenture,"Pune, India",5.6-10.5 LPA,"SQL, Docker, AWS, Spark, Azure",E-commerce,0-2 Years,Contract,2026-07-07 04:36:16
Database Administrator,Reliance Jio,"Chennai, India",2.5-4.5 LPA,"SQL, AWS, Power BI, Azure, Excel",Information Technology,Fresher,Full-time,2026-05-18 16:16:16
Data Scientist,Tata Consultancy Services,"Remote, India",7.0-14.0 LPA,"SQL, Docker, AWS, Spark, Power BI, Python",Information Technology,2-5 Years,Full-time,2026-07-05 22:42:16
Cloud Architect,Tech Mahindra,"Remote, India",5.6-10.5 LPA,"Docker, Azure, AWS, Power BI",Finance & Banking,0-2 Years,Full-time,2026-05-13 06:56:16
Cloud Architect,Google India,"Remote, India",9.8-19.6 LPA,"SQL, Docker, AWS, Python, Azure, Excel",Finance & Banking,2-5 Years,Contract,2026-04-16 20:37:16
Data Scientist,KPMG,"Chennai, India",7.0-14.0 LPA,"SQL, AWS, Spark, Power BI, Python, Azure",Telecommunications,2-5 Years,Full-time,2026-06-20 14:22:16
Business Analyst,HCLTech,"Hyderabad, India",2.0-3.6 LPA,"Tableau, SQL, Docker, Power BI, Azure, Excel",Consulting,Fresher,Internship,2026-06-14 14:11:16
Data Analyst,PwC,"Chennai, India",5.6-11.2 LPA,"SQL, Power BI, Tableau, Excel",E-commerce,2-5 Years,Contract,2026-04-30 03:03:16
Machine Learning Engineer,EY,"Bangalore, India",7.5 LPA,"Tableau, Docker, AWS, Spark, Python",Consulting,0-2 Years,Contract,2026-04-25 16:19:16
BI Developer,HDFC Bank,"Hyderabad, India",14.0 LPA,"Tableau, SQL, Excel, Power BI",Retail,2-5 Years,Internship,2026-07-03 05:51:16
Senior Data Engineer,Amazon,"Remote, India",18.2-49.0 LPA,"SQL, Tableau, Docker, AWS, Spark, Python, Azure",E-commerce,5+ Years,Part-time,2026-04-20 22:08:16
Data Engineer,HDFC Bank,"Mumbai, India",2.5-4.5 LPA,"SQL, Docker, AWS, Spark, Python, Excel",Healthcare,Fresher,Part-time,2026-04-08 10:18:16
Python Developer,Wipro,"Remote, India",7.0-14.0 LPA,"SQL, Tableau, Docker, AWS, Spark, Python",Finance & Banking,2-5 Years,Full-time,2026-07-01 03:14:16
Senior Data Engineer,Infosys,"Bangalore, India",9.8-19.6 LPA,"SQL, Docker, AWS, Spark, Python, Azure, Excel",Healthcare,2-5 Years,Contract,2026-05-04 07:18:16
Full Stack Developer,Infosys,"Remote, India",4.0-7.5 LPA,"SQL, Tableau, Docker, Spark, Python, Azure",Telecommunications,0-2 Years,Contract,2026-06-11 23:10:16
Full Stack Developer,Cognizant,"Gurgaon, India",13.0-35.0 LPA,"SQL, Tableau, Docker, Python, Azure",Retail,5+ Years,Internship,2026-05-08 02:21:16
Software Engineer,Microsoft India,"Remote, India",4.0-7.5 LPA,"SQL, Tableau, Docker, Spark, Python",Healthcare,0-2 Years,Full-time,2026-06-17 18:07:16
Business Analyst,Microsoft India,"Remote, India",10.4-28.0 LPA,"Tableau, SQL, AWS, Power BI, Azure, Excel",Telecommunications,5+ Years,Internship,2026-04-15 21:59:16
Senior Data Engineer,Google India,"Hyderabad, India",3.5-6.3 LPA,"SQL, Docker, AWS, Spark, Python, Azure",Finance & Banking,Fresher,Contract,2026-06-13 15:52:16
Senior Data Engineer,HDFC Bank,"Noida, India",3.5-6.3 LPA,"SQL, Docker, AWS, Spark, Python, Azure",Information Technology,Fresher,Full-time,2026-06-21 20:03:16
Database Administrator,Airtel,"Remote, India",13.0-35.0 LPA,"Power BI, SQL, Azure, Excel",Consulting,5+ Years,Full-time,2026-06-28 18:30:16
Data Scientist,KPMG,"Remote, India",2.5-4.5 LPA,"Python, AWS, SQL, Spark",Telecommunications,Fresher,Part-time,2026-04-23 08:29:16
Business Analyst,Deloitte,"Remote, India",5.6-11.2 LPA,"Tableau, SQL, AWS, Power BI, Excel",E-commerce,2-5 Years,Contract,2026-06-09 04:41:16
Software Engineer,HCLTech,"Mumbai, India",13.0-35.0 LPA,"SQL, Docker, AWS, Python, Excel",Retail,5+ Years,Internship,2026-07-03 18:02:16
Data Analyst,PhonePe,"Mumbai, India",11.2 LPA,"SQL, Power BI, Tableau, Excel",Information Technology,2-5 Years,Contract,2026-06-21 21:22:16
Database Administrator,Tata Consultancy Services,"Remote, India",2.5-4.5 LPA,"SQL, Docker, Power BI, Azure, Excel",Healthcare,Fresher,Part-time,2026-05-01 16:41:16
BI Developer,Accenture,"Mumbai, India",2.5-4.5 LPA,"Tableau, SQL, Excel, Power BI",Healthcare,Fresher,Contract,2026-04-13 12:23:16
Data Analyst,HDFC Bank,"Remote, India",3.2-6.0 LPA,"SQL, Tableau, Power BI, Azure, Excel",Retail,0-2 Years,Contract,2026-05-03 23:43:16
Data Scientist,HCLTech,"Mumbai, India",4.0-7.5 LPA,"Python, AWS, SQL, Spark",Healthcare,0-2 Years,Full-time,2026-06-19 08:07:16
Software Engineer,PhonePe,"Mumbai, India",7.0-14.0 LPA,"Docker, Python, AWS, SQL",E-commerce,2-5 Years,Contract,2026-06-25 04:48:16
Data Analyst,Infosys,"Bangalore, India",2.0-3.6 LPA,"SQL, Tableau, Spark, Power BI, Python, Excel",Consulting,Fresher,Contract,2026-06-06 09:37:16
Cloud Architect,Paytm,"Bangalore, India",3.5-6.3 LPA,"Docker, Azure, AWS",Finance & Banking,Fresher,Internship,2026-07-02 00:12:16
BI Developer,HCLTech,"Remote, India",13.0-35.0 LPA,"Tableau, SQL, Spark, Power BI, Excel",Information Technology,5+ Years,Full-time,2026-05-10 08:58:16
BI Developer,Microsoft India,"Noida, India",4.0-7.5 LPA,"Tableau, SQL, Excel, Power BI",Consulting,0-2 Years,Part-time,2026-04-15 11:00:16
Database Administrator,Accenture,"Remote, India",13.0-35.0 LPA,"SQL, Tableau, Docker, Azure, Excel",Information Technology,5+ Years,Full-time,2026-05-05 13:12:16
BI Developer,Cognizant,"Gurgaon, India",7.0-14.0 LPA,"Tableau, SQL, Excel, Power BI",Retail,2-5 Years,Full-time,2026-04-27 23:38:16
Business Analyst,EY,"Remote, India",5.6-11.2 LPA,"Tableau, SQL, Power BI, Python, Excel",Consulting,2-5 Years,Contract,2026-06-08 19:10:16
Senior Data Engineer,Microsoft India,"Delhi NCR, India",9.8-19.6 LPA,"SQL, Docker, AWS, Spark, Python, Azure",Telecommunications,2-5 Years,Part-time,2026-06-21 22:04:16
Data Scientist,Airtel,"Remote, India",2.5-4.5 LPA,"SQL, AWS, Spark, Python, Azure",Telecommunications,Fresher,Contract,2026-05-13 22:16:16
Python Developer,Flipkart,"Mumbai, India",2.5-4.5 LPA,"Docker, Python, AWS, SQL",Healthcare,Fresher,Internship,2026-04-16 01:30:16
Software Engineer,Microsoft India,"Noida, India",2.5-4.5 LPA,"Docker, Python, SQL, Tableau",E-commerce,Fresher,Part-time,2026-04-23 04:03:16
Full Stack Developer,Infosys,"Remote, India",7.0-14.0 LPA,"SQL, Tableau, Docker, Python, Azure",Finance & Banking,2-5 Years,Part-time,2026-05-19 20:54:16
Data Scientist,ICICI Bank,"Pune, India",7.0-14.0 LPA,"SQL, AWS, Spark, Power BI, Python",Consulting,2-5 Years,Part-time,2026-04-23 02:20:16
Machine Learning Engineer,Amazon,"Remote, India",4.0-7.5 LPA,"SQL, Docker, AWS, Spark, Python",Retail,0-2 Years,Full-time,2026-05-07 21:41:16
DevOps Engineer,Airtel,"Remote, India",7.0-14.0 LPA,"Docker, AWS, Power BI, Python, Azure",Retail,2-5 Years,Full-time,2026-04-24 18:48:16
Data Scientist,PwC,"Remote, India",13.0-35.0 LPA,"Python, AWS, SQL, Spark",Consulting,5+ Years,Full-time,2026-05-08 21:10:16
Python Developer,Deloitte,"Remote, India",13.0-35.0 LPA,"SQL, Docker, AWS, Python, Excel",Consulting,5+ Years,Full-time,2026-04-23 20:39:16
Data Engineer,Flipkart,"Gurgaon, India",4.0-7.5 LPA,"SQL, Docker, AWS, Spark, Power BI, Python, Azure",Retail,0-2 Years,Full-time,2026-05-21 10:35:16
Data Scientist,HDFC Bank,"Bangalore, India",13.0-35.0 LPA,"SQL, AWS, Spark, Power BI, Python",Consulting,5+ Years,Contract,2026-05-03 18:55:16
Software Engineer,Cognizant,"Pune, India",14.0 LPA,"SQL, Docker, Power BI, Python, Excel",Finance & Banking,2-5 Years,Contract,2026-06-10 03:46:16
BI Developer,Infosys,"Remote, India",2.5-4.5 LPA,"Tableau, SQL, Power BI, Python, Excel",Finance & Banking,Fresher,Full-time,2026-04-19 07:44:16
Full Stack Developer,Microsoft India,"Remote, India",13.0-35.0 LPA,"SQL, Docker, Spark, Python, Azure",Healthcare,5+ Years,Contract,2026-07-06 02:23:16
Software Engineer,Wipro,"Noida, India",13.0-35.0 LPA,"Docker, Python, SQL",Telecommunications,5+ Years,Internship,2026-06-02 04:04:16
Data Scientist,Wipro,"Hyderabad, India",13.0-35.0 LPA,"Python, AWS, SQL, Spark",Retail,5+ Years,Part-time,2026-05-30 08:30:16
Business Analyst,Tata Consultancy Services,"Remote, India",3.2-6.0 LPA,"Tableau, SQL, AWS, Power BI, Python, Excel",Information Technology,0-2 Years,Internship,2026-06-13 15:22:16
Software Engineer,Infosys,"Gurgaon, India",13.0-35.0 LPA,"SQL, Docker, AWS, Power BI, Python",Retail,5+ Years,Full-time,2026-04-24 15:11:16
BI Developer,HCLTech,"Pune, India",14.0 LPA,"Tableau, SQL, Spark, Power BI, Excel",Information Technology,2-5 Years,Internship,2026-06-19 10:23:16
Business Analyst,CRED,"Remote, India",3.2-6.0 LPA,"Tableau, Power BI, SQL, Excel",Telecommunications,0-2 Years,Contract,2026-06-26 20:01:16
BI Developer,PhonePe,"Remote, India",2.5-4.5 LPA,"Tableau, SQL, Excel, Power BI",Retail,Fresher,Internship,2026-06-25 12:15:16
Business Analyst,Amazon,"Hyderabad, India",2.0-3.6 LPA,"Tableau, SQL, Spark, Power BI, Python, Excel",Finance & Banking,Fresher,Contract,2026-04-29 12:49:16
Data Analyst,Amazon,"Remote, India",10.4-28.0 LPA,"SQL, Power BI, Tableau, Excel",Telecommunications,5+ Years,Full-time,2026-05-21 16:36:16
Senior Data Engineer,Infosys,"Remote, India",5.6-10.5 LPA,"SQL, Docker, AWS, Spark, Python, Azure, Excel",Healthcare,0-2 Years,Full-time,2026-05-10 03:50:16
Python Developer,CRED,"Chennai, India",7.0-14.0 LPA,"SQL, Docker, AWS, Python, Azure",Finance & Banking,2-5 Years,Internship,2026-05-26 07:40:16
Full Stack Developer,Flipkart,"Hyderabad, India",2.5-4.5 LPA,"SQL, Tableau, Docker, Python, Azure",E-commerce,Fresher,Internship,2026-05-30 07:36:16
Business Analyst,HCLTech,"Remote, India",2.0-3.6 LPA,"Tableau, Power BI, SQL, Excel",Telecommunications,Fresher,Full-time,2026-05-22 09:08:16
Python Developer,HDFC Bank,"Hyderabad, India",4.0-7.5 LPA,"Docker, Python, AWS, SQL",Finance & Banking,0-2 Years,Full-time,2026-05-02 00:47:16
Machine Learning Engineer,Reliance Jio,"Noida, India",4.0-7.5 LPA,"SQL, Docker, AWS, Spark, Python, Excel",Consulting,0-2 Years,Full-time,2026-06-24 05:00:16
Machine Learning Engineer,Reliance Jio,"Noida, India",14.0 LPA,"Docker, AWS, Spark, Power BI, Python",Retail,2-5 Years,Full-time,2026-05-29 14:17:16
Senior Data Engineer,PwC,"Hyderabad, India",49.0 LPA,"SQL, Docker, AWS, Spark, Python, Azure",Telecommunications,5+ Years,Full-time,2026-06-04 17:46:16
Software Engineer,Tech Mahindra,"Mumbai, India",7.0-14.0 LPA,"SQL, Docker, AWS, Spark, Python, Excel",E-commerce,2-5 Years,Full-time,2026-06-19 13:16:16
Database Administrator,HCLTech,"Remote, India",13.0-35.0 LPA,"SQL, Azure, Python, Excel",Retail,5+ Years,Part-time,2026-05-14 08:30:16
Senior Data Engineer,Wipro,"Chennai, India",5.6-10.5 LPA,"SQL, Tableau, Docker, AWS, Spark, Python, Azure",Healthcare,0-2 Years,Contract,2026-06-02 11:40:16
Business Analyst,Microsoft India,"Hyderabad, India",2.0-3.6 LPA,"Tableau, Power BI, SQL, Excel",Finance & Banking,Fresher,Contract,2026-05-21 02:20:16
Data Engineer,ICICI Bank,"Chennai, India",14.0 LPA,"SQL, Docker, AWS, Spark, Python",Healthcare,2-5 Years,Part-time,2026-06-21 20:14:16
Database Administrator,Cognizant,"Remote, India",13.0-35.0 LPA,"Power BI, SQL, Azure, Excel",Finance & Banking,5+ Years,Part-time,2026-04-08 04:13:16
Senior Data Engineer,Flipkart,"Remote, India",19.6 LPA,"SQL, Docker, AWS, Spark, Power BI, Python, Azure, Excel",Finance & Banking,2-5 Years,Internship,2026-05-23 02:35:16
Software Engineer,ICICI Bank,"Remote, India",7.0-14.0 LPA,"Docker, Python, SQL, Excel",Information Technology,2-5 Years,Full-time,2026-05-24 00:03:16
Cloud Architect,Tata Consultancy Services,"Remote, India",5.6-10.5 LPA,"Docker, AWS, Spark, Power BI, Python, Azure",Consulting,0-2 Years,Contract,2026-06-09 17:13:16
Python Developer,Reliance Jio,"Remote, India",7.0-14.0 LPA,"SQL, Docker, AWS, Spark, Python",Telecommunications,2-5 Years,Contract,2026-06-10 16:00:16
Data Scientist,Reliance Jio,"Remote, India",14.0 LPA,"Python, AWS, SQL, Spark",Retail,2-5 Years,Part-time,2026-04-24 21:01:16
Cloud Architect,ICICI Bank,"Bangalore, India",9.8-19.6 LPA,"Docker, Azure, AWS, Excel",Telecommunications,2-5 Years,Contract,2026-06-03 08:41:16
Senior Data Engineer,Tata Consultancy Services,"Delhi NCR, India",19.6 LPA,"SQL, Docker, AWS, Spark, Python, Azure",Healthcare,2-5 Years,Part-time,2026-05-13 15:01:16
Business Analyst,KPMG,"Hyderabad, India",10.4-28.0 LPA,"Tableau, Power BI, SQL, Excel",E-commerce,5+ Years,Contract,2026-05-02 09:50:16
DevOps Engineer,Cognizant,"Pune, India",13.0-35.0 LPA,"Tableau, Docker, AWS, Python, Azure, Excel",Healthcare,5+ Years,Part-time,2026-06-11 00:18:16
BI Developer,Tech Mahindra,"Remote, India",13.0-35.0 LPA,"Tableau, SQL, Docker, Power BI, Excel",E-commerce,5+ Years,Full-time,2026-04-17 09:24:16
Cloud Architect,PwC,"Remote, India",3.5-6.3 LPA,"Docker, Azure, AWS, Spark",Healthcare,Fresher,Part-time,2026-07-02 19:59:16
Business Analyst,Airtel,"Hyderabad, India",10.4-28.0 LPA,"Tableau, SQL, AWS, Power BI, Excel",Information Technology,5+ Years,Part-time,2026-05-13 15:14:16
Database Administrator,PhonePe,"Remote, India",4.0-7.5 LPA,"Power BI, SQL, Azure, Excel",Finance & Banking,0-2 Years,Internship,2026-06-02 11:33:16
Cloud Architect,PhonePe,"Bangalore, India",18.2-49.0 LPA,"Docker, Azure, AWS, SQL",Healthcare,5+ Years,Part-time,2026-06-24 07:29:16
Machine Learning Engineer,HDFC Bank,"Mumbai, India",2.5-4.5 LPA,"Tableau, Docker, AWS, Spark, Python, Excel",Retail,Fresher,Full-time,2026-06-18 07:23:16
Data Scientist,Deloitte,"Remote, India",13.0-35.0 LPA,"Python, AWS, SQL, Spark",E-commerce,5+ Years,Full-time,2026-05-30 15:22:16
Data Scientist,HCLTech,"Remote, India",2.5-4.5 LPA,"SQL, AWS, Spark, Power BI, Python",Retail,Fresher,Full-time,2026-04-07 21:20:16
Database Administrator,EY,"Remote, India",4.0-7.5 LPA,"Power BI, SQL, Azure, Excel",Telecommunications,0-2 Years,Internship,2026-06-03 05:34:16
Business Analyst,Airtel,"Pune, India",10.4-28.0 LPA,"Tableau, SQL, AWS, Power BI, Excel",Retail,5+ Years,Part-time,2026-07-06 10:14:16
Cloud Architect,Wipro,"Noida, India",5.6-10.5 LPA,"Docker, AWS, Power BI, Azure, Excel",Finance & Banking,0-2 Years,Contract,2026-05-15 13:00:16
Software Engineer,Amazon,"Delhi NCR, India",7.0-14.0 LPA,"SQL, Docker, Spark, Python, Azure",Healthcare,2-5 Years,Internship,2026-06-21 01:17:16
Machine Learning Engineer,Google India,"Remote, India",2.5-4.5 LPA,"Tableau, Docker, AWS, Spark, Python",Consulting,Fresher,Full-time,2026-04-25 01:04:16
BI Developer,EY,"Remote, India",4.0-7.5 LPA,"Tableau, SQL, Spark, Power BI, Azure, Excel",Retail,0-2 Years,Contract,2026-05-06 03:44:16
Cloud Architect,CRED,"Mumbai, India",3.5-6.3 LPA,"SQL, Tableau, Docker, AWS, Azure, Excel",Information Technology,Fresher,Full-time,2026-04-28 05:24:16
Cloud Architect,EY,"Hyderabad, India",18.2-49.0 LPA,"Docker, Azure, AWS",Information Technology,5+ Years,Contract,2026-06-17 15:51:16
Data Analyst,HDFC Bank,"Remote, India",3.2-6.0 LPA,"SQL, Tableau, Spark, Power BI, Excel",Finance & Banking,0-2 Years,Part-time,2026-06-11 17:17:16
Business Analyst,Tata Consultancy Services,"Remote, India",6.0 LPA,"Tableau, SQL, AWS, Power BI, Azure, Excel",Consulting,0-2 Years,Full-time,2026-05-01 00:25:16
Python Developer,PwC,"Delhi NCR, India",4.0-7.5 LPA,"Docker, Python, AWS, SQL",Information Technology,0-2 Years,Part-time,2026-05-30 10:09:16
Data Analyst,CRED,"Chennai, India",5.6-11.2 LPA,"SQL, Tableau, Spark, Power BI, Excel",Finance & Banking,2-5 Years,Internship,2026-05-08 09:26:16
DevOps Engineer,HDFC Bank,"Remote, India",2.5-4.5 LPA,"Docker, Azure, AWS, Python",Consulting,Fresher,Full-time,2026-07-07 05:39:16
Python Developer,Deloitte,"Remote, India",35.0 LPA,"SQL, Docker, AWS, Python, Excel",Consulting,5+ Years,Contract,2026-05-31 10:14:16
Data Engineer,Cognizant,"Noida, India",4.0-7.5 LPA,"SQL, Docker, AWS, Spark, Python, Azure",Retail,0-2 Years,Contract,2026-04-15 18:43:16
Python Developer,KPMG,"Mumbai, India",2.5-4.5 LPA,"SQL, Tableau, Docker, AWS, Python",Consulting,Fresher,Contract,2026-04-09 19:28:16
Python Developer,Deloitte,"Remote, India",2.5-4.5 LPA,"Docker, Python, AWS, SQL",Healthcare,Fresher,Internship,2026-05-04 07:13:16
BI Developer,Infosys,"Hyderabad, India",4.0-7.5 LPA,"Tableau, SQL, Excel, Power BI",Information Technology,0-2 Years,Part-time,2026-04-07 22:23:16
Machine Learning Engineer,Wipro,"Noida, India",7.0-14.0 LPA,"Tableau, SQL, Docker, AWS, Spark, Python",E-commerce,2-5 Years,Internship,2026-05-14 04:50:16
Machine Learning Engineer,HCLTech,"Mumbai, India",2.5-4.5 LPA,"Docker, AWS, Spark, Power BI, Python, Azure",Consulting,Fresher,Part-time,2026-05-17 02:20:16
Cloud Architect,Reliance Jio,"Hyderabad, India",5.6-10.5 LPA,"Docker, Azure, AWS, Power BI",Finance & Banking,0-2 Years,Internship,2026-05-27 14:49:16
Data Analyst,Cognizant,"Remote, India",2.0-3.6 LPA,"SQL, Tableau, Power BI, Python, Excel",E-commerce,Fresher,Internship,2026-04-15 11:11:16
Cloud Architect,PhonePe,"Pune, India",5.6-10.5 LPA,"SQL, Docker, AWS, Python, Azure",Retail,0-2 Years,Part-time,2026-05-25 06:45:16
Machine Learning Engineer,Amazon,"Noida, India",13.0-35.0 LPA,"Docker, AWS, Spark, Power BI, Python",E-commerce,5+ Years,Full-time,2026-05-24 18:13:16
Data Engineer,Cognizant,"Remote, India",14.0 LPA,"SQL, Docker, AWS, Spark, Python, Excel",Retail,2-5 Years,Part-time,2026-05-15 22:13:16
DevOps Engineer,EY,"Pune, India",2.5-4.5 LPA,"Docker, Azure, AWS, Python",Healthcare,Fresher,Contract,2026-05-17 22:18:16
Data Engineer,Deloitte,"Remote, India",35.0 LPA,"SQL, Docker, AWS, Spark, Python",Retail,5+ Years,Internship,2026-06-13 04:07:16
Python Developer,Tata Consultancy Services,"Delhi NCR, India",4.0-7.5 LPA,"SQL, Docker, AWS, Spark, Python",Finance & Banking,0-2 Years,Contract,2026-06-07 13:41:16
Senior Data Engineer,ICICI Bank,"Remote, India",5.6-10.5 LPA,"SQL, Docker, AWS, Spark, Power BI, Python, Azure, Excel",Retail,0-2 Years,Part-time,2026-06-08 15:24:16
Business Analyst,CRED,"Remote, India",10.4-28.0 LPA,"Tableau, SQL, Spark, Power BI, Python, Excel",E-commerce,5+ Years,Full-time,2026-04-28 03:37:16
Database Administrator,Tech Mahindra,"Noida, India",14.0 LPA,"Power BI, SQL, Azure, Excel",Information Technology,2-5 Years,Internship,2026-06-20 06:08:16
Data Scientist,Tata Consultancy Services,"Mumbai, India",2.5-4.5 LPA,"SQL, AWS, Spark, Python, Excel",Information Technology,Fresher,Contract,2026-06-19 04:04:16
Full Stack Developer,ICICI Bank,"Chennai, India",4.5 LPA,"SQL, Tableau, Docker, Python, Azure",Healthcare,Fresher,Contract,2026-05-13 01:56:16
Full Stack Developer,Paytm,"Remote, India",13.0-35.0 LPA,"SQL, Docker, Power BI, Python, Azure",Consulting,5+ Years,Internship,2026-04-27 01:38:16
Machine Learning Engineer,Amazon,"Chennai, India",7.0-14.0 LPA,"Tableau, Docker, AWS, Spark, Python",Healthcare,2-5 Years,Part-time,2026-04-20 03:43:16
Senior Data Engineer,Google India,"Bangalore, India",18.2-49.0 LPA,"SQL, Docker, AWS, Spark, Python, Azure",Healthcare,5+ Years,Part-time,2026-05-21 20:46:16
Data Analyst,PhonePe,"Mumbai, India",2.0-3.6 LPA,"SQL, Tableau, Docker, Power BI, Azure, Excel",Finance & Banking,Fresher,Internship,2026-04-15 20:44:16
Python Developer,Infosys,"Bangalore, India",2.5-4.5 LPA,"Docker, Python, AWS, SQL",Telecommunications,Fresher,Contract,2026-05-18 04:27:16
Full Stack Developer,Accenture,"Remote, India",4.0-7.5 LPA,"SQL, Docker, Python, Azure, Excel",Finance & Banking,0-2 Years,Part-time,2026-04-23 08:57:16
Machine Learning Engineer,ICICI Bank,"Remote, India",13.0-35.0 LPA,"Docker, AWS, Spark, Python, Excel",Retail,5+ Years,Internship,2026-05-07 00:37:16
Data Analyst,CRED,"Bangalore, India",3.2-6.0 LPA,"SQL, Power BI, Tableau, Excel",E-commerce,0-2 Years,Full-time,2026-04-27 15:40:16
Full Stack Developer,ICICI Bank,"Delhi NCR, India",4.0-7.5 LPA,"SQL, Docker, Power BI, Python, Azure",Finance & Banking,0-2 Years,Contract,2026-05-03 12:31:16
DevOps Engineer,HCLTech,"Remote, India",2.5-4.5 LPA,"Docker, Azure, AWS, Python",Information Technology,Fresher,Contract,2026-04-28 23:23:16
Data Analyst,Tech Mahindra,"Remote, India",3.2-6.0 LPA,"SQL, Power BI, Tableau, Excel",Finance & Banking,0-2 Years,Internship,2026-05-21 22:37:16
Full Stack Developer,KPMG,"Bangalore, India",4.0-7.5 LPA,"SQL, Docker, Power BI, Python, Azure",Retail,0-2 Years,Contract,2026-05-26 20:34:16
Software Engineer,PwC,"Remote, India",13.0-35.0 LPA,"SQL, Tableau, Docker, Spark, Python",Telecommunications,5+ Years,Part-time,2026-04-24 15:21:16
Senior Data Engineer,EY,"Remote, India",3.5-6.3 LPA,"SQL, Docker, AWS, Spark, Python, Azure, Excel",E-commerce,Fresher,Part-time,2026-04-21 22:07:16
Database Administrator,ICICI Bank,"Noida, India",2.5-4.5 LPA,"SQL, Tableau, Docker, Azure, Excel",E-commerce,Fresher,Full-time,2026-04-28 16:32:16
Senior Data Engineer,Airtel,"Delhi NCR, India",3.5-6.3 LPA,"SQL, Docker, AWS, Spark, Python, Azure, Excel",E-commerce,Fresher,Internship,2026-05-31 16:31:16
Python Developer,Airtel,"Delhi NCR, India",7.0-14.0 LPA,"SQL, Docker, AWS, Python, Excel",Finance & Banking,2-5 Years,Internship,2026-06-27 07:41:16
Data Engineer,Paytm,"Bangalore, India",7.0-14.0 LPA,"SQL, Docker, AWS, Spark, Power BI, Python, Excel",Finance & Banking,2-5 Years,Contract,2026-05-28 21:24:16
Database Administrator,Airtel,"Remote, India",7.0-14.0 LPA,"Power BI, SQL, Azure, Excel",Information Technology,2-5 Years,Full-time,2026-05-21 05:22:16
Software Engineer,Deloitte,"Gurgaon, India",4.0-7.5 LPA,"SQL, Docker, AWS, Spark, Python, Azure",E-commerce,0-2 Years,Internship,2026-05-28 13:28:16
Machine Learning Engineer,Airtel,"Pune, India",35.0 LPA,"SQL, Docker, AWS, Spark, Python",Healthcare,5+ Years,Contract,2026-04-27 15:32:16
Database Administrator,Tech Mahindra,"Remote, India",4.0-7.5 LPA,"SQL, Azure, AWS, Excel",Healthcare,0-2 Years,Internship,2026-04-15 00:15:16
DevOps Engineer,ICICI Bank,"Remote, India",4.5 LPA,"SQL, Docker, AWS, Python, Azure",Finance & Banking,Fresher,Contract,2026-05-27 09:02:16
Software Engineer,CRED,"Remote, India",13.0-35.0 LPA,"SQL, Docker, AWS, Spark, Python, Excel",Telecommunications,5+ Years,Full-time,2026-04-30 07:35:16
Business Analyst,Accenture,"Remote, India",6.0 LPA,"Tableau, Power BI, SQL, Excel",Consulting,0-2 Years,Contract,2026-07-06 11:01:16
DevOps Engineer,Tech Mahindra,"Hyderabad, India",4.0-7.5 LPA,"Docker, Azure, AWS, Python",Information Technology,0-2 Years,Part-time,2026-06-17 00:55:16
Business Analyst,CRED,"Bangalore, India",3.2-6.0 LPA,"Tableau, SQL, Power BI, Python, Excel",Telecommunications,0-2 Years,Part-time,2026-04-28 06:54:16
Full Stack Developer,Reliance Jio,"Remote, India",13.0-35.0 LPA,"SQL, Docker, Python, Azure, Excel",Information Technology,5+ Years,Part-time,2026-04-16 00:47:16
Software Engineer,Flipkart,"Remote, India",4.0-7.5 LPA,"Docker, Python, SQL",Finance & Banking,0-2 Years,Contract,2026-04-27 07:21:16
Full Stack Developer,Tech Mahindra,"Pune, India",7.0-14.0 LPA,"SQL, Docker, Spark, Python, Azure",Retail,2-5 Years,Contract,2026-05-21 02:41:16
BI Developer,CRED,"Remote, India",7.0-14.0 LPA,"Tableau, SQL, Excel, Power BI",Retail,2-5 Years,Contract,2026-06-20 21:38:16
Database Administrator,EY,"Remote, India",2.5-4.5 LPA,"SQL, Spark, Python, Azure, Excel",Telecommunications,Fresher,Full-time,2026-05-30 01:03:16
BI Developer,Cognizant,"Bangalore, India",14.0 LPA,"Tableau, SQL, Docker, Power BI, Excel",Finance & Banking,2-5 Years,Internship,2026-04-08 16:31:16
Cloud Architect,Amazon,"Gurgaon, India",18.2-49.0 LPA,"Docker, AWS, Spark, Python, Azure",Finance & Banking,5+ Years,Full-time,2026-04-24 06:04:16
Business Analyst,ICICI Bank,"Bangalore, India",2.0-3.6 LPA,"Tableau, Power BI, SQL, Excel",Consulting,Fresher,Full-time,2026-06-16 22:24:16
Data Engineer,Deloitte,"Bangalore, India",4.0-7.5 LPA,"SQL, Tableau, Docker, AWS, Spark, Python, Excel",Telecommunications,0-2 Years,Full-time,2026-07-01 16:05:16
BI Developer,Infosys,"Mumbai, India",7.0-14.0 LPA,"Tableau, SQL, Docker, Power BI, Excel",Information Technology,2-5 Years,Part-time,2026-05-02 08:18:16
Full Stack Developer,Flipkart,"Remote, India",4.0-7.5 LPA,"SQL, Tableau, Docker, Power BI, Python, Azure",Retail,0-2 Years,Part-time,2026-05-30 09:30:16
Business Analyst,PwC,"Remote, India",2.0-3.6 LPA,"Tableau, Power BI, SQL, Excel",E-commerce,Fresher,Full-time,2026-05-10 03:04:16
Full Stack Developer,HDFC Bank,"Remote, India",13.0-35.0 LPA,"SQL, Docker, Spark, Python, Azure",Telecommunications,5+ Years,Full-time,2026-05-10 18:24:16
Data Scientist,Tech Mahindra,"Remote, India",13.0-35.0 LPA,"SQL, AWS, Spark, Python, Azure",Information Technology,5+ Years,Part-time,2026-06-25 13:44:16
Software Engineer,Infosys,"Bangalore, India",7.0-14.0 LPA,"Docker, Python, SQL",Telecommunications,2-5 Years,Full-time,2026-05-08 21:46:16
Python Developer,Wipro,"Pune, India",4.0-7.5 LPA,"SQL, Docker, AWS, Spark, Power BI, Python",Healthcare,0-2 Years,Part-time,2026-05-06 16:47:16
Business Analyst,HCLTech,"Remote, India",5.6-11.2 LPA,"Tableau, SQL, Docker, Power BI, Python, Excel",E-commerce,2-5 Years,Contract,2026-05-10 14:32:16
Cloud Architect,Deloitte,"Pune, India",5.6-10.5 LPA,"Docker, Azure, AWS, Python",Finance & Banking,0-2 Years,Part-time,2026-06-02 15:17:16
Python Developer,ICICI Bank,"Remote, India",13.0-35.0 LPA,"Docker, Python, AWS, SQL",Healthcare,5+ Years,Part-time,2026-06-11 23:33:16
Database Administrator,Wipro,"Gurgaon, India",2.5-4.5 LPA,"SQL, Azure, Excel",Retail,Fresher,Internship,2026-04-08 21:09:16
Software Engineer,Infosys,"Pune, India",7.5 LPA,"Docker, Python, SQL",E-commerce,0-2 Years,Full-time,2026-05-23 17:42:16
Full Stack Developer,Tech Mahindra,"Remote, India",13.0-35.0 LPA,"SQL, Tableau, Docker, Python, Azure",Healthcare,5+ Years,Internship,2026-06-24 05:14:16
Cloud Architect,Google India,"Chennai, India",18.2-49.0 LPA,"Docker, AWS, Python, Azure, Excel",Retail,5+ Years,Part-time,2026-05-11 00:41:16
Data Analyst,Wipro,"Hyderabad, India",5.6-11.2 LPA,"SQL, Tableau, Power BI, Azure, Excel",Information Technology,2-5 Years,Contract,2026-05-24 11:27:16
BI Developer,Airtel,"Bangalore, India",4.0-7.5 LPA,"Tableau, SQL, Power BI, Azure, Excel",Information Technology,0-2 Years,Internship,2026-06-26 16:40:16
Cloud Architect,KPMG,"Noida, India",3.5-6.3 LPA,"Docker, AWS, Spark, Python, Azure",Retail,Fresher,Full-time,2026-05-08 19:30:16
Full Stack Developer,Wipro,"Gurgaon, India",2.5-4.5 LPA,"SQL, Docker, Power BI, Python, Azure",Retail,Fresher,Internship,2026-06-22 06:34:16
Senior Data Engineer,EY,"Remote, India",3.5-6.3 LPA,"SQL, Docker, AWS, Spark, Python, Azure",Information Technology,Fresher,Internship,2026-04-15 09:02:16
DevOps Engineer,PwC,"Noida, India",7.0-14.0 LPA,"Tableau, SQL, Docker, AWS, Python, Azure",E-commerce,2-5 Years,Part-time,2026-04-24 12:18:16
Software Engineer,Google India,"Remote, India",14.0 LPA,"SQL, Tableau, Docker, Spark, Python, Azure",Consulting,2-5 Years,Full-time,2026-04-30 06:33:16
Full Stack Developer,Microsoft India,"Bangalore, India",7.0-14.0 LPA,"Docker, Python, Azure, SQL",Healthcare,2-5 Years,Contract,2026-06-08 06:18:16
Senior Data Engineer,Deloitte,"Remote, India",18.2-49.0 LPA,"SQL, Docker, AWS, Spark, Python, Azure",Information Technology,5+ Years,Full-time,2026-05-20 16:12:16
Data Analyst,Google India,"Remote, India",5.6-11.2 LPA,"SQL, Tableau, Power BI, Azure, Excel",Telecommunications,2-5 Years,Contract,2026-04-21 15:34:16
Cloud Architect,Amazon,"Chennai, India",5.6-10.5 LPA,"Docker, Azure, AWS, Excel",Healthcare,0-2 Years,Part-time,2026-06-27 09:49:16
DevOps Engineer,Wipro,"Remote, India",13.0-35.0 LPA,"Docker, Azure, AWS, Python",Finance & Banking,5+ Years,Part-time,2026-04-25 14:57:16
Data Analyst,PhonePe,"Hyderabad, India",2.0-3.6 LPA,"SQL, Tableau, Power BI, Azure, Excel",Healthcare,Fresher,Full-time,2026-06-16 23:36:16
Cloud Architect,Flipkart,"Remote, India",3.5-6.3 LPA,"SQL, Docker, AWS, Azure, Excel",Finance & Banking,Fresher,Part-time,2026-05-16 13:07:16
Cloud Architect,Airtel,"Hyderabad, India",5.6-10.5 LPA,"Docker, AWS, Spark, Azure, Excel",E-commerce,0-2 Years,Full-time,2026-04-16 13:51:16
Business Analyst,Infosys,"Remote, India",3.2-6.0 LPA,"Tableau, SQL, AWS, Power BI, Excel",Information Technology,0-2 Years,Contract,2026-06-27 04:15:16
Data Engineer,Amazon,"Pune, India",4.0-7.5 LPA,"SQL, Docker, AWS, Spark, Python, Azure",Healthcare,0-2 Years,Full-time,2026-05-13 08:47:16
Machine Learning Engineer,Amazon,"Gurgaon, India",2.5-4.5 LPA,"SQL, Docker, AWS, Spark, Python, Azure",Telecommunications,Fresher,Internship,2026-05-17 12:42:16
Business Analyst,PhonePe,"Remote, India",5.6-11.2 LPA,"Tableau, SQL, Spark, Power BI, Excel",Finance & Banking,2-5 Years,Contract,2026-04-18 08:14:16
DevOps Engineer,Tech Mahindra,"Bangalore, India",7.0-14.0 LPA,"Docker, AWS, Spark, Python, Azure",Consulting,2-5 Years,Internship,2026-05-12 04:25:16
Business Analyst,Deloitte,"Mumbai, India",2.0-3.6 LPA,"Tableau, SQL, Docker, Power BI, Azure, Excel",Telecommunications,Fresher,Internship,2026-05-14 14:38:16
Software Engineer,EY,"Remote, India",13.0-35.0 LPA,"Docker, Python, SQL, Tableau",Consulting,5+ Years,Internship,2026-04-11 20:37:16
Business Analyst,Paytm,"Delhi NCR, India",5.6-11.2 LPA,"Tableau, Power BI, SQL, Excel",Telecommunications,2-5 Years,Full-time,2026-07-01 23:51:16
Data Engineer,Google India,"Bangalore, India",13.0-35.0 LPA,"SQL, Docker, AWS, Spark, Python",Consulting,5+ Years,Internship,2026-05-03 16:37:16
Full Stack Developer,Microsoft India,"Pune, India",13.0-35.0 LPA,"SQL, Docker, Power BI, Python, Azure",Consulting,5+ Years,Internship,2026-05-07 23:33:16
Data Analyst,ICICI Bank,"Remote, India",2.0-3.6 LPA,"SQL, Tableau, Docker, Power BI, Azure, Excel",Healthcare,Fresher,Internship,2026-07-01 21:50:16
DevOps Engineer,Wipro,"Mumbai, India",13.0-35.0 LPA,"Docker, AWS, Power BI, Python, Azure, Excel",Finance & Banking,5+ Years,Contract,2026-06-03 09:35:16
Full Stack Developer,Airtel,"Remote, India",7.0-14.0 LPA,"SQL, Docker, AWS, Python, Azure",Finance & Banking,2-5 Years,Contract,2026-07-01 00:38:16
Senior Data Engineer,Paytm,"Remote, India",3.5-6.3 LPA,"SQL, Tableau, Docker, AWS, Spark, Python, Azure",E-commerce,Fresher,Full-time,2026-06-19 05:12:16
BI Developer,Wipro,"Hyderabad, India",14.0 LPA,"Tableau, SQL, Power BI, Python, Excel",Retail,2-5 Years,Full-time,2026-04-07 19:19:16
Senior Data Engineer,Reliance Jio,"Delhi NCR, India",3.5-6.3 LPA,"SQL, Docker, AWS, Spark, Power BI, Python, Azure",Healthcare,Fresher,Part-time,2026-05-26 21:53:16
Python Developer,Reliance Jio,"Noida, India",7.0-14.0 LPA,"SQL, Docker, AWS, Power BI, Python",Retail,2-5 Years,Full-time,2026-05-16 11:46:16
Database Administrator,Wipro,"Bangalore, India",13.0-35.0 LPA,"SQL, Tableau, Power BI, Azure, Excel",Finance & Banking,5+ Years,Internship,2026-05-28 04:50:16
DevOps Engineer,Airtel,"Pune, India",13.0-35.0 LPA,"Tableau, Docker, AWS, Spark, Python, Azure",Finance & Banking,5+ Years,Part-time,2026-04-30 09:49:16
DevOps Engineer,PhonePe,"Remote, India",2.5-4.5 LPA,"Docker, AWS, Spark, Python, Azure",Finance & Banking,Fresher,Full-time,2026-05-06 07:18:16
Cloud Architect,Amazon,"Hyderabad, India",5.6-10.5 LPA,"SQL, Tableau, Docker, AWS, Azure",Consulting,0-2 Years,Internship,2026-04-29 07:29:16
Senior Data Engineer,Accenture,"Remote, India",3.5-6.3 LPA,"SQL, Docker, AWS, Spark, Python, Azure, Excel",Finance & Banking,Fresher,Full-time,2026-04-21 23:03:16
Full Stack Developer,Microsoft India,"Remote, India",35.0 LPA,"SQL, Docker, AWS, Power BI, Python, Azure",Finance & Banking,5+ Years,Part-time,2026-05-21 13:40:16
Data Scientist,Tech Mahindra,"Remote, India",2.5-4.5 LPA,"Python, AWS, SQL, Spark",Retail,Fresher,Part-time,2026-05-08 07:13:16
BI Developer,Accenture,"Remote, India",4.0-7.5 LPA,"Tableau, SQL, AWS, Power BI, Excel",Healthcare,0-2 Years,Internship,2026-06-25 08:36:16
Full Stack Developer,Amazon,"Hyderabad, India",4.0-7.5 LPA,"Docker, Python, Azure, SQL",Finance & Banking,0-2 Years,Contract,2026-05-29 11:13:16
Cloud Architect,Wipro,"Noida, India",3.5-6.3 LPA,"Docker, Azure, AWS, Excel",Information Technology,Fresher,Contract,2026-04-18 12:50:16
Software Engineer,Accenture,"Delhi NCR, India",13.0-35.0 LPA,"SQL, Tableau, Docker, AWS, Python, Excel",Information Technology,5+ Years,Full-time,2026-04-11 00:59:16
Database Administrator,Infosys,"Hyderabad, India",2.5-4.5 LPA,"SQL, Azure, Excel",Information Technology,Fresher,Contract,2026-04-21 09:29:16
Cloud Architect,Amazon,"Mumbai, India",18.2-49.0 LPA,"Docker, Azure, AWS, SQL",Telecommunications,5+ Years,Contract,2026-06-21 04:15:16
Data Engineer,HDFC Bank,"Hyderabad, India",7.0-14.0 LPA,"SQL, Docker, AWS, Spark, Python, Azure, Excel",Retail,2-5 Years,Full-time,2026-06-30 00:29:16
BI Developer,Amazon,"Hyderabad, India",7.0-14.0 LPA,"Tableau, SQL, Power BI, Azure, Excel",Retail,2-5 Years,Part-time,2026-05-22 04:11:16
Senior Data Engineer,CRED,"Gurgaon, India",9.8-19.6 LPA,"SQL, Tableau, Docker, AWS, Spark, Python, Azure",Telecommunications,2-5 Years,Contract,2026-05-26 08:03:16
Cloud Architect,Tata Consultancy Services,"Remote, India",10.5 LPA,"Docker, Azure, AWS, Spark",Telecommunications,0-2 Years,Contract,2026-04-15 16:18:16
BI Developer,HDFC Bank,"Remote, India",2.5-4.5 LPA,"Tableau, SQL, Power BI, Azure, Excel",Finance & Banking,Fresher,Contract,2026-06-07 21:24:16
Data Engineer,HDFC Bank,"Hyderabad, India",4.0-7.5 LPA,"SQL, Docker, AWS, Spark, Python, Azure",Healthcare,0-2 Years,Contract,2026-05-12 22:58:16
Business Analyst,ICICI Bank,"Remote, India",3.2-6.0 LPA,"Tableau, SQL, Docker, Spark, Power BI, Excel",Retail,0-2 Years,Contract,2026-06-14 22:43:16
Cloud Architect,Tata Consultancy Services,"Hyderabad, India",5.6-10.5 LPA,"SQL, Docker, AWS, Spark, Azure",E-commerce,0-2 Years,Contract,2026-04-11 12:57:16
Data Analyst,HCLTech,"Delhi NCR, India",2.0-3.6 LPA,"SQL, Power BI, Tableau, Excel",Information Technology,Fresher,Full-time,2026-06-07 10:01:16
Software Engineer,Tata Consultancy Services,"Delhi NCR, India",2.5-4.5 LPA,"Docker, Python, SQL",Retail,Fresher,Part-time,2026-05-09 03:56:16
Data Engineer,Airtel,"Remote, India",4.0-7.5 LPA,"SQL, Docker, AWS, Spark, Python",Information Technology,0-2 Years,Full-time,2026-04-21 03:04:16
DevOps Engineer,Google India,"Mumbai, India",4.0-7.5 LPA,"Docker, AWS, Power BI, Python, Azure",Telecommunications,0-2 Years,Contract,2026-05-29 02:14:16
Data Engineer,Accenture,"Delhi NCR, India",4.0-7.5 LPA,"SQL, Tableau, Docker, AWS, Spark, Python",Telecommunications,0-2 Years,Full-time,2026-06-18 15:43:16
Senior Data Engineer,EY,"Pune, India",18.2-49.0 LPA,"SQL, Docker, AWS, Spark, Python, Azure",E-commerce,5+ Years,Internship,2026-04-09 17:55:16
Software Engineer,Microsoft India,"Remote, India",7.0-14.0 LPA,"Docker, Python, Azure, SQL",Information Technology,2-5 Years,Internship,2026-04-17 23:02:16
Data Scientist,Wipro,"Remote, India",7.0-14.0 LPA,"SQL, AWS, Spark, Python, Azure",Information Technology,2-5 Years,Part-time,2026-04-27 12:56:16
Software Engineer,Google India,"Gurgaon, India",4.0-7.5 LPA,"Docker, Python, SQL, Power BI",Consulting,0-2 Years,Contract,2026-04-20 16:58:16
Machine Learning Engineer,PwC,"Remote, India",4.0-7.5 LPA,"SQL, Docker, AWS, Spark, Power BI, Python",Finance & Banking,0-2 Years,Contract,2026-04-27 03:12:16
BI Developer,PhonePe,"Chennai, India",2.5-4.5 LPA,"Tableau, SQL, AWS, Power BI, Excel",Consulting,Fresher,Full-time,2026-05-07 09:30:16
Business Analyst,HDFC Bank,"Mumbai, India",5.6-11.2 LPA,"Tableau, SQL, Docker, Power BI, Excel",Healthcare,2-5 Years,Full-time,2026-04-09 11:54:16
DevOps Engineer,Wipro,"Remote, India",13.0-35.0 LPA,"Docker, AWS, Python, Azure, Excel",Information Technology,5+ Years,Part-time,2026-05-28 11:59:16
Senior Data Engineer,PhonePe,"Remote, India",5.6-10.5 LPA,"SQL, Tableau, Docker, AWS, Spark, Python, Azure",Finance & Banking,0-2 Years,Part-time,2026-05-02 19:30:16
Full Stack Developer,KPMG,"Mumbai, India",7.0-14.0 LPA,"SQL, Tableau, Docker, Power BI, Python, Azure, Excel",Finance & Banking,2-5 Years,Part-time,2026-07-01 12:40:16
DevOps Engineer,Flipkart,"Noida, India",13.0-35.0 LPA,"Tableau, Docker, AWS, Python, Azure",Consulting,5+ Years,Contract,2026-05-02 01:24:16
Machine Learning Engineer,Airtel,"Gurgaon, India",2.5-4.5 LPA,"Docker, Python, AWS, Spark",Finance & Banking,Fresher,Full-time,2026-06-11 20:54:16
Data Engineer,Infosys,"Remote, India",13.0-35.0 LPA,"SQL, Docker, AWS, Spark, Python",E-commerce,5+ Years,Internship,2026-05-03 16:25:16
BI Developer,Google India,"Chennai, India",35.0 LPA,"Tableau, SQL, AWS, Power BI, Excel",Telecommunications,5+ Years,Part-time,2026-04-09 23:06:16
Cloud Architect,Microsoft India,"Remote, India",18.2-49.0 LPA,"Docker, Azure, AWS, Excel",E-commerce,5+ Years,Part-time,2026-04-12 10:47:16
Software Engineer,Wipro,"Pune, India",4.0-7.5 LPA,"Docker, Python, SQL",Finance & Banking,0-2 Years,Full-time,2026-07-06 12:08:16
Senior Data Engineer,CRED,"Remote, India",18.2-49.0 LPA,"SQL, Docker, AWS, Spark, Power BI, Python, Azure",Consulting,5+ Years,Part-time,2026-06-07 23:49:16
Data Scientist,HDFC Bank,"Chennai, India",13.0-35.0 LPA,"SQL, AWS, Spark, Python, Excel",Telecommunications,5+ Years,Part-time,2026-05-22 14:00:16
Business Analyst,HDFC Bank,"Remote, India",10.4-28.0 LPA,"Tableau, Power BI, SQL, Excel",Information Technology,5+ Years,Internship,2026-06-19 00:41:16
DevOps Engineer,ICICI Bank,"Chennai, India",13.0-35.0 LPA,"Docker, AWS, Python, Azure, Excel",Telecommunications,5+ Years,Part-time,2026-04-14 09:05:16
Senior Data Engineer,CRED,"Gurgaon, India",3.5-6.3 LPA,"SQL, Docker, AWS, Spark, Python, Azure",E-commerce,Fresher,Full-time,2026-06-30 06:28:16
Database Administrator,Accenture,"Bangalore, India",4.0-7.5 LPA,"Power BI, SQL, Azure, Excel",Finance & Banking,0-2 Years,Full-time,2026-05-02 06:45:16
Python Developer,HCLTech,"Bangalore, India",4.0-7.5 LPA,"SQL, Tableau, Docker, AWS, Python, Azure",Finance & Banking,0-2 Years,Contract,2026-05-06 08:36:16
DevOps Engineer,Infosys,"Bangalore, India",13.0-35.0 LPA,"Docker, Azure, AWS, Python",Healthcare,5+ Years,Part-time,2026-06-30 00:47:16
BI Developer,HCLTech,"Pune, India",4.0-7.5 LPA,"Tableau, SQL, Power BI, Python, Azure, Excel",Consulting,0-2 Years,Part-time,2026-07-01 11:18:16
Data Scientist,EY,"Remote, India",13.0-35.0 LPA,"SQL, AWS, Spark, Python, Azure",Finance & Banking,5+ Years,Part-time,2026-06-25 19:23:16
Senior Data Engineer,Flipkart,"Remote, India",3.5-6.3 LPA,"SQL, Docker, AWS, Spark, Python, Azure",Finance & Banking,Fresher,Internship,2026-06-01 05:57:16
Database Administrator,Reliance Jio,"Remote, India",7.0-14.0 LPA,"SQL, AWS, Power BI, Azure, Excel",Consulting,2-5 Years,Internship,2026-06-09 05:29:16
Business Analyst,Amazon,"Remote, India",5.6-11.2 LPA,"Tableau, SQL, AWS, Power BI, Azure, Excel",Retail,2-5 Years,Internship,2026-06-15 23:00:16
Data Scientist,Cognizant,"Delhi NCR, India",4.0-7.5 LPA,"SQL, Docker, AWS, Spark, Python",E-commerce,0-2 Years,Full-time,2026-04-25 19:54:16
BI Developer,CRED,"Remote, India",4.0-7.5 LPA,"Tableau, SQL, AWS, Power BI, Excel",Consulting,0-2 Years,Contract,2026-07-06 05:34:16
Data Analyst,PhonePe,"Chennai, India",3.2-6.0 LPA,"SQL, Tableau, AWS, Power BI, Excel",Information Technology,0-2 Years,Contract,2026-05-02 15:43:16
Senior Data Engineer,Paytm,"Pune, India",9.8-19.6 LPA,"SQL, Docker, AWS, Spark, Python, Azure",Information Technology,2-5 Years,Part-time,2026-06-14 05:39:16
Data Scientist,Cognizant,"Remote, India",7.0-14.0 LPA,"SQL, AWS, Spark, Power BI, Python",Consulting,2-5 Years,Internship,2026-06-18 23:59:16
Python Developer,Cognizant,"Noida, India",7.5 LPA,"SQL, Docker, AWS, Power BI, Python",Consulting,0-2 Years,Part-time,2026-04-11 21:17:16
Data Analyst,Microsoft India,"Bangalore, India",10.4-28.0 LPA,"SQL, Power BI, Tableau, Excel",Retail,5+ Years,Full-time,2026-07-04 14:21:16
BI Developer,Cognizant,"Noida, India",13.0-35.0 LPA,"Tableau, SQL, AWS, Power BI, Excel",E-commerce,5+ Years,Internship,2026-06-13 09:43:16
Senior Data Engineer,HDFC Bank,"Delhi NCR, India",5.6-10.5 LPA,"SQL, Docker, AWS, Spark, Python, Azure",Retail,0-2 Years,Part-time,2026-04-22 22:23:16
DevOps Engineer,Tata Consultancy Services,"Noida, India",4.0-7.5 LPA,"Docker, AWS, Power BI, Python, Azure, Excel",Consulting,0-2 Years,Contract,2026-04-18 02:45:16
Software Engineer,Tech Mahindra,"Delhi NCR, India",4.0-7.5 LPA,"SQL, Tableau, Docker, Power BI, Python",Healthcare,0-2 Years,Part-time,2026-05-28 03:27:16
Data Engineer,Deloitte,"Remote, India",2.5-4.5 LPA,"SQL, Docker, AWS, Spark, Python",Telecommunications,Fresher,Part-time,2026-06-23 16:29:16
Data Analyst,HDFC Bank,"Hyderabad, India",3.2-6.0 LPA,"SQL, Power BI, Tableau, Excel",Retail,0-2 Years,Part-time,2026-05-17 05:38:16
Data Scientist,CRED,"Gurgaon, India",2.5-4.5 LPA,"SQL, Tableau, AWS, Spark, Python",Information Technology,Fresher,Contract,2026-06-09 12:36:16
Machine Learning Engineer,PhonePe,"Remote, India",13.0-35.0 LPA,"Docker, Python, AWS, Spark",Finance & Banking,5+ Years,Contract,2026-06-09 23:05:16
Senior Data Engineer,PwC,"Noida, India",5.6-10.5 LPA,"SQL, Docker, AWS, Spark, Python, Azure",Information Technology,0-2 Years,Contract,2026-04-24 05:15:16
Database Administrator,Airtel,"Mumbai, India",2.5-4.5 LPA,"SQL, Azure, AWS, Excel",Healthcare,Fresher,Contract,2026-06-19 20:42:16
Python Developer,Microsoft India,"Noida, India",2.5-4.5 LPA,"Docker, Python, AWS, SQL",Retail,Fresher,Contract,2026-04-18 10:08:16
Software Engineer,Amazon,"Pune, India",4.0-7.5 LPA,"SQL, Docker, Power BI, Python, Azure, Excel",Consulting,0-2 Years,Full-time,2026-05-13 15:04:16
Senior Data Engineer,Tata Consultancy Services,"Remote, India",9.8-19.6 LPA,"SQL, Docker, AWS, Spark, Power BI, Python, Azure, Excel",Telecommunications,2-5 Years,Part-time,2026-06-08 08:43:16
Senior Data Engineer,Cognizant,"Remote, India",5.6-10.5 LPA,"SQL, Docker, AWS, Spark, Python, Azure",E-commerce,0-2 Years,Internship,2026-05-16 16:39:16
Cloud Architect,Infosys,"Mumbai, India",18.2-49.0 LPA,"SQL, Docker, AWS, Azure, Excel",Information Technology,5+ Years,Full-time,2026-05-03 11:25:16
Software Engineer,Deloitte,"Remote, India",13.0-35.0 LPA,"Docker, Python, SQL, Tableau",Finance & Banking,5+ Years,Internship,2026-04-21 21:42:16
Cloud Architect,Deloitte,"Bangalore, India",3.5-6.3 LPA,"SQL, Docker, AWS, Power BI, Azure",Consulting,Fresher,Contract,2026-06-26 22:39:16
Cloud Architect,Amazon,"Pune, India",18.2-49.0 LPA,"Docker, Azure, AWS, Tableau",Information Technology,5+ Years,Internship,2026-05-28 12:17:16
Senior Data Engineer,Wipro,"Gurgaon, India",3.5-6.3 LPA,"SQL, Docker, AWS, Spark, Python, Azure",Consulting,Fresher,Full-time,2026-04-17 13:28:16
Senior Data Engineer,Amazon,"Remote, India",3.5-6.3 LPA,"SQL, Docker, AWS, Spark, Power BI, Python, Azure",Telecommunications,Fresher,Internship,2026-06-14 14:29:16
Data Analyst,Paytm,"Remote, India",3.2-6.0 LPA,"SQL, Tableau, Docker, Power BI, Excel",Finance & Banking,0-2 Years,Full-time,2026-04-11 22:47:16
Data Scientist,Cognizant,"Pune, India",4.0-7.5 LPA,"SQL, Tableau, AWS, Spark, Python",Consulting,0-2 Years,Contract,2026-04-21 16:43:16
Software Engineer,PwC,"Mumbai, India",2.5-4.5 LPA,"SQL, Tableau, Docker, Spark, Power BI, Python",Retail,Fresher,Contract,2026-06-27 10:23:16
Data Engineer,Amazon,"Noida, India",7.0-14.0 LPA,"SQL, Tableau, Docker, AWS, Spark, Python",Retail,2-5 Years,Internship,2026-05-27 16:17:16
Data Scientist,Tata Consultancy Services,"Gurgaon, India",4.0-7.5 LPA,"SQL, Tableau, AWS, Spark, Python, Excel",Information Technology,0-2 Years,Contract,2026-04-26 12:36:16
Data Scientist,Wipro,"Remote, India",7.0-14.0 LPA,"SQL, AWS, Spark, Python, Excel",Telecommunications,2-5 Years,Contract,2026-05-02 22:34:16
Machine Learning Engineer,Accenture,"Bangalore, India",2.5-4.5 LPA,"Docker, Python, AWS, Spark",Healthcare,Fresher,Contract,2026-06-24 07:57:16
Data Analyst,Deloitte,"Mumbai, India",2.0-3.6 LPA,"SQL, Tableau, Docker, Power BI, Excel",Consulting,Fresher,Contract,2026-07-07 11:18:16
Cloud Architect,ICICI Bank,"Chennai, India",49.0 LPA,"Docker, Azure, AWS, Tableau",Consulting,5+ Years,Part-time,2026-05-03 14:41:16
Database Administrator,Reliance Jio,"Remote, India",7.0-14.0 LPA,"SQL, Azure, Python, Excel",Consulting,2-5 Years,Part-time,2026-06-12 19:36:16
Data Engineer,Wipro,"Hyderabad, India",13.0-35.0 LPA,"SQL, Docker, AWS, Spark, Python, Azure",Consulting,5+ Years,Full-time,2026-05-05 07:46:16
BI Developer,Airtel,"Mumbai, India",13.0-35.0 LPA,"Tableau, SQL, Power BI, Python, Excel",E-commerce,5+ Years,Full-time,2026-05-21 02:10:16
BI Developer,Cognizant,"Remote, India",7.0-14.0 LPA,"Tableau, SQL, AWS, Spark, Power BI, Excel",Telecommunications,2-5 Years,Part-time,2026-04-18 21:59:16
Software Engineer,ICICI Bank,"Remote, India",2.5-4.5 LPA,"Docker, Python, AWS, SQL",Telecommunications,Fresher,Internship,2026-04-11 23:43:16
Database Administrator,Infosys,"Hyderabad, India",7.0-14.0 LPA,"SQL, Azure, Excel",Information Technology,2-5 Years,Contract,2026-05-20 01:15:16
Machine Learning Engineer,PwC,"Noida, India",4.0-7.5 LPA,"Docker, Python, AWS, Spark",Healthcare,0-2 Years,Part-time,2026-05-29 11:13:16
Data Analyst,Google India,"Gurgaon, India",10.4-28.0 LPA,"SQL, Tableau, AWS, Power BI, Python, Excel",Telecommunications,5+ Years,Full-time,2026-07-04 09:14:16
Senior Data Engineer,Amazon,"Remote, India",5.6-10.5 LPA,"SQL, Tableau, Docker, AWS, Spark, Python, Azure",Consulting,0-2 Years,Full-time,2026-05-31 09:01:16
DevOps Engineer,Google India,"Remote, India",13.0-35.0 LPA,"SQL, Docker, AWS, Python, Azure",Telecommunications,5+ Years,Full-time,2026-05-23 14:27:16
Data Analyst,Tata Consultancy Services,"Remote, India",2.0-3.6 LPA,"SQL, Power BI, Tableau, Excel",Finance & Banking,Fresher,Part-time,2026-06-25 21:55:16
Business Analyst,KPMG,"Bangalore, India",2.0-3.6 LPA,"Tableau, Power BI, SQL, Excel",Healthcare,Fresher,Full-time,2026-06-04 21:15:16
Data Analyst,Airtel,"Remote, India",5.6-11.2 LPA,"SQL, Tableau, Power BI, Azure, Excel",Telecommunications,2-5 Years,Contract,2026-04-11 23:11:16
Data Engineer,Microsoft India,"Chennai, India",7.0-14.0 LPA,"SQL, Docker, AWS, Spark, Power BI, Python",Information Technology,2-5 Years,Contract,2026-04-13 09:20:16
DevOps Engineer,PhonePe,"Mumbai, India",7.0-14.0 LPA,"Tableau, Docker, AWS, Python, Azure, Excel",Information Technology,2-5 Years,Contract,2026-04-26 05:31:16
Database Administrator,Infosys,"Remote, India",2.5-4.5 LPA,"SQL, Azure, Tableau, Excel",Consulting,Fresher,Full-time,2026-04-22 06:06:16
BI Developer,Tata Consultancy Services,"Remote, India",2.5-4.5 LPA,"Tableau, SQL, Excel, Power BI",Finance & Banking,Fresher,Full-time,2026-05-25 21:54:16
DevOps Engineer,Cognizant,"Gurgaon, India",7.0-14.0 LPA,"Docker, AWS, Spark, Python, Azure",Healthcare,2-5 Years,Part-time,2026-05-14 17:35:16
Database Administrator,Deloitte,"Remote, India",2.5-4.5 LPA,"SQL, AWS, Python, Azure, Excel",Telecommunications,Fresher,Part-time,2026-04-13 13:18:16
Data Analyst,Accenture,"Remote, India",2.0-3.6 LPA,"SQL, Power BI, Tableau, Excel",Retail,Fresher,Part-time,2026-06-10 04:09:16
Cloud Architect,Microsoft India,"Noida, India",18.2-49.0 LPA,"Docker, Azure, AWS",Telecommunications,5+ Years,Full-time,2026-06-21 13:58:16
Machine Learning Engineer,PhonePe,"Remote, India",7.0-14.0 LPA,"Docker, Python, AWS, Spark",Information Technology,2-5 Years,Contract,2026-05-11 16:00:16
Machine Learning Engineer,Paytm,"Gurgaon, India",14.0 LPA,"SQL, Docker, AWS, Spark, Python",Finance & Banking,2-5 Years,Part-time,2026-06-15 20:07:16
Data Analyst,CRED,"Remote, India",2.0-3.6 LPA,"SQL, Tableau, Docker, Power BI, Excel",E-commerce,Fresher,Part-time,2026-06-17 12:19:16
Data Engineer,Deloitte,"Hyderabad, India",4.0-7.5 LPA,"SQL, Tableau, Docker, AWS, Spark, Python",Retail,0-2 Years,Part-time,2026-05-28 09:50:16
Full Stack Developer,PhonePe,"Mumbai, India",7.0-14.0 LPA,"SQL, Docker, Python, Azure, Excel",Finance & Banking,2-5 Years,Full-time,2026-05-18 08:57:16
Senior Data Engineer,Accenture,"Mumbai, India",19.6 LPA,"SQL, Tableau, Docker, AWS, Spark, Python, Azure",Retail,2-5 Years,Internship,2026-04-27 04:31:16
Senior Data Engineer,EY,"Noida, India",18.2-49.0 LPA,"SQL, Docker, AWS, Spark, Python, Azure",Information Technology,5+ Years,Full-time,2026-04-08 09:15:16
Python Developer,Tech Mahindra,"Noida, India",7.0-14.0 LPA,"Docker, Python, AWS, SQL",Consulting,2-5 Years,Internship,2026-04-26 18:13:16
Software Engineer,Reliance Jio,"Remote, India",2.5-4.5 LPA,"Docker, Python, Azure, SQL",Telecommunications,Fresher,Part-time,2026-06-29 22:09:16
DevOps Engineer,Tech Mahindra,"Bangalore, India",4.0-7.5 LPA,"Docker, AWS, Spark, Python, Azure",Information Technology,0-2 Years,Contract,2026-05-13 00:17:16
BI Developer,Cognizant,"Mumbai, India",7.0-14.0 LPA,"Tableau, SQL, AWS, Power BI, Excel",E-commerce,2-5 Years,Full-time,2026-04-10 07:43:16
Full Stack Developer,Wipro,"Bangalore, India",2.5-4.5 LPA,"SQL, Docker, AWS, Power BI, Python, Azure",Telecommunications,Fresher,Internship,2026-04-10 05:05:16
Business Analyst,ICICI Bank,"Mumbai, India",10.4-28.0 LPA,"Tableau, SQL, Power BI, Python, Excel",Consulting,5+ Years,Full-time,2026-04-13 11:07:16
Data Analyst,Wipro,"Remote, India",10.4-28.0 LPA,"SQL, Power BI, Tableau, Excel",E-commerce,5+ Years,Internship,2026-04-08 08:33:16
DevOps Engineer,Deloitte,"Noida, India",4.0-7.5 LPA,"Tableau, Docker, AWS, Power BI, Python, Azure",Telecommunications,0-2 Years,Internship,2026-04-29 19:58:16
Business Analyst,Google India,"Hyderabad, India",10.4-28.0 LPA,"Tableau, SQL, Spark, Power BI, Python, Excel",Healthcare,5+ Years,Internship,2026-05-14 17:36:16
Database Administrator,Flipkart,"Remote, India",7.0-14.0 LPA,"SQL, Docker, Power BI, Azure, Excel",E-commerce,2-5 Years,Internship,2026-05-08 11:15:16
Database Administrator,PhonePe,"Remote, India",4.5 LPA,"SQL, Tableau, Python, Azure, Excel",E-commerce,Fresher,Part-time,2026-05-01 19:50:16
Database Administrator,CRED,"Remote, India",4.5 LPA,"SQL, Docker, Spark, Power BI, Azure, Excel",Healthcare,Fresher,Internship,2026-04-28 13:00:16
Data Engineer,Tech Mahindra,"Remote, India",13.0-35.0 LPA,"SQL, Docker, AWS, Spark, Python",E-commerce,5+ Years,Full-time,2026-04-24 15:30:16
Data Engineer,Deloitte,"Hyderabad, India",4.0-7.5 LPA,"SQL, Tableau, Docker, AWS, Spark, Power BI, Python",Healthcare,0-2 Years,Part-time,2026-04-19 15:13:16
Senior Data Engineer,Google India,"Bangalore, India",18.2-49.0 LPA,"SQL, Docker, AWS, Spark, Power BI, Python, Azure",Consulting,5+ Years,Part-time,2026-05-10 10:35:16
Cloud Architect,KPMG,"Delhi NCR, India",5.6-10.5 LPA,"Docker, Azure, AWS, SQL",Finance & Banking,0-2 Years,Contract,2026-04-12 20:48:16
Python Developer,Microsoft India,"Hyderabad, India",2.5-4.5 LPA,"SQL, Docker, AWS, Python, Azure",Retail,Fresher,Internship,2026-07-04 11:42:16
Data Analyst,ICICI Bank,"Bangalore, India",10.4-28.0 LPA,"SQL, Tableau, Spark, Power BI, Excel",Consulting,5+ Years,Contract,2026-05-07 10:27:16
DevOps Engineer,Google India,"Remote, India",14.0 LPA,"SQL, Docker, AWS, Power BI, Python, Azure, Excel",Telecommunications,2-5 Years,Full-time,2026-04-18 01:48:16
Python Developer,PhonePe,"Remote, India",2.5-4.5 LPA,"SQL, Docker, AWS, Power BI, Python",Information Technology,Fresher,Part-time,2026-05-27 17:13:16
Data Analyst,Tech Mahindra,"Remote, India",2.0-3.6 LPA,"SQL, Tableau, Power BI, Python, Excel",Finance & Banking,Fresher,Full-time,2026-06-28 16:10:16
Cloud Architect,Tata Consultancy Services,"Pune, India",5.6-10.5 LPA,"Docker, Azure, AWS, Power BI",Retail,0-2 Years,Contract,2026-04-19 22:07:16
Data Scientist,CRED,"Pune, India",35.0 LPA,"SQL, AWS, Spark, Python, Azure",Retail,5+ Years,Contract,2026-06-24 09:42:16
Database Administrator,Accenture,"Remote, India",2.5-4.5 LPA,"SQL, AWS, Spark, Azure, Excel",Consulting,Fresher,Contract,2026-06-27 20:09:16
Cloud Architect,Deloitte,"Delhi NCR, India",5.6-10.5 LPA,"Docker, Azure, AWS",Retail,0-2 Years,Contract,2026-05-31 13:29:16
Full Stack Developer,CRED,"Mumbai, India",7.0-14.0 LPA,"SQL, Tableau, Docker, Python, Azure",Healthcare,2-5 Years,Full-time,2026-06-04 06:26:16
Python Developer,Google India,"Pune, India",2.5-4.5 LPA,"SQL, Docker, AWS, Spark, Python",Information Technology,Fresher,Part-time,2026-06-29 21:13:16
Data Scientist,Cognizant,"Remote, India",4.0-7.5 LPA,"SQL, Tableau, AWS, Spark, Python",Finance & Banking,0-2 Years,Contract,2026-06-18 17:50:16
Cloud Architect,PwC,"Remote, India",3.5-6.3 LPA,"Docker, Azure, AWS, Excel",E-commerce,Fresher,Full-time,2026-06-21 19:25:16
Data Scientist,Accenture,"Gurgaon, India",4.0-7.5 LPA,"SQL, AWS, Spark, Power BI, Python, Excel",Consulting,0-2 Years,Full-time,2026-04-09 06:35:16
Data Scientist,Microsoft India,"Remote, India",7.0-14.0 LPA,"SQL, Tableau, AWS, Spark, Python",Retail,2-5 Years,Internship,2026-06-08 12:55:16
Data Analyst,EY,"Remote, India",2.0-3.6 LPA,"SQL, Tableau, Spark, Power BI, Excel",Telecommunications,Fresher,Part-time,2026-05-16 09:56:16
Python Developer,PwC,"Bangalore, India",13.0-35.0 LPA,"SQL, Docker, AWS, Power BI, Python",Consulting,5+ Years,Contract,2026-04-25 05:50:16
Business Analyst,EY,"Remote, India",5.6-11.2 LPA,"Tableau, SQL, Docker, AWS, Power BI, Excel",Healthcare,2-5 Years,Full-time,2026-05-06 17:13:16
Data Analyst,KPMG,"Bangalore, India",10.4-28.0 LPA,"SQL, Tableau, Docker, Spark, Power BI, Excel",Information Technology,5+ Years,Contract,2026-04-12 07:20:16
Data Engineer,Amazon,"Bangalore, India",7.0-14.0 LPA,"SQL, Docker, AWS, Spark, Python, Excel",Finance & Banking,2-5 Years,Internship,2026-05-02 02:12:16
Software Engineer,Accenture,"Chennai, India",13.0-35.0 LPA,"Docker, Python, SQL, Tableau",Consulting,5+ Years,Contract,2026-04-13 09:53:16
Data Scientist,Infosys,"Remote, India",7.0-14.0 LPA,"SQL, Tableau, AWS, Spark, Python, Azure",Healthcare,2-5 Years,Contract,2026-04-10 06:33:16
Python Developer,Airtel,"Mumbai, India",4.0-7.5 LPA,"SQL, Docker, AWS, Python, Excel",E-commerce,0-2 Years,Contract,2026-06-05 15:30:16
Machine Learning Engineer,Deloitte,"Bangalore, India",2.5-4.5 LPA,"SQL, Docker, AWS, Spark, Python",Information Technology,Fresher,Internship,2026-06-19 20:19:16
Full Stack Developer,Tech Mahindra,"Hyderabad, India",2.5-4.5 LPA,"Docker, Python, Azure, SQL",Retail,Fresher,Contract,2026-06-29 23:07:16
Database Administrator,Reliance Jio,"Chennai, India",4.0-7.5 LPA,"SQL, Azure, Tableau, Excel",Telecommunications,0-2 Years,Internship,2026-05-29 07:24:16
DevOps Engineer,PhonePe,"Remote, India",7.0-14.0 LPA,"SQL, Docker, AWS, Python, Azure",Healthcare,2-5 Years,Contract,2026-05-31 04:42:16
Business Analyst,CRED,"Chennai, India",3.2-6.0 LPA,"Tableau, SQL, Spark, Power BI, Excel",Information Technology,0-2 Years,Full-time,2026-05-10 19:27:16
Python Developer,PwC,"Remote, India",4.0-7.5 LPA,"SQL, Docker, AWS, Spark, Python, Azure",Healthcare,0-2 Years,Internship,2026-04-19 10:11:16
BI Developer,Microsoft India,"Remote, India",7.0-14.0 LPA,"Tableau, SQL, Excel, Power BI",E-commerce,2-5 Years,Contract,2026-04-21 23:19:16
Data Engineer,KPMG,"Noida, India",4.0-7.5 LPA,"SQL, Docker, AWS, Spark, Python, Azure, Excel",Healthcare,0-2 Years,Contract,2026-06-29 19:13:16
BI Developer,Accenture,"Gurgaon, India",7.0-14.0 LPA,"Tableau, SQL, AWS, Power BI, Excel",Telecommunications,2-5 Years,Contract,2026-06-28 22:20:16
Data Analyst,PwC,"Remote, India",3.6 LPA,"SQL, Tableau, Spark, Power BI, Excel",E-commerce,Fresher,Full-time,2026-06-05 18:35:16
Senior Data Engineer,CRED,"Mumbai, India",18.2-49.0 LPA,"SQL, Docker, AWS, Spark, Python, Azure",Finance & Banking,5+ Years,Full-time,2026-06-02 19:06:16
Data Analyst,Reliance Jio,"Remote, India",5.6-11.2 LPA,"SQL, Power BI, Tableau, Excel",Consulting,2-5 Years,Full-time,2026-04-08 07:52:16
Software Engineer,Reliance Jio,"Chennai, India",4.0-7.5 LPA,"Docker, Python, AWS, SQL",Information Technology,0-2 Years,Part-time,2026-04-14 06:11:16
Machine Learning Engineer,Paytm,"Noida, India",13.0-35.0 LPA,"SQL, Docker, AWS, Spark, Python",E-commerce,5+ Years,Contract,2026-06-10 12:27:16
Business Analyst,ICICI Bank,"Hyderabad, India",10.4-28.0 LPA,"Tableau, SQL, Docker, Power BI, Excel",Retail,5+ Years,Part-time,2026-05-09 08:35:16
Full Stack Developer,Tata Consultancy Services,"Remote, India",4.0-7.5 LPA,"SQL, Docker, Spark, Python, Azure, Excel",Finance & Banking,0-2 Years,Internship,2026-06-10 18:50:16
Data Analyst,CRED,"Remote, India",5.6-11.2 LPA,"SQL, Tableau, Power BI, Python, Excel",Consulting,2-5 Years,Full-time,2026-04-18 18:56:16
Data Scientist,HCLTech,"Remote, India",4.0-7.5 LPA,"Python, AWS, SQL, Spark",Finance & Banking,0-2 Years,Full-time,2026-06-25 22:29:16
Data Analyst,Paytm,"Remote, India",5.6-11.2 LPA,"SQL, Tableau, Docker, Power BI, Azure, Excel",E-commerce,2-5 Years,Part-time,2026-06-30 06:40:16
Software Engineer,Wipro,"Gurgaon, India",13.0-35.0 LPA,"Docker, Python, Azure, SQL",E-commerce,5+ Years,Part-time,2026-05-06 08:16:16
Full Stack Developer,ICICI Bank,"Remote, India",13.0-35.0 LPA,"Docker, Python, Azure, SQL",Telecommunications,5+ Years,Full-time,2026-04-13 14:05:16
Data Analyst,PwC,"Remote, India",5.6-11.2 LPA,"SQL, Power BI, Tableau, Excel",Information Technology,2-5 Years,Contract,2026-04-19 02:32:16
Software Engineer,HCLTech,"Remote, India",2.5-4.5 LPA,"SQL, Docker, Spark, Power BI, Python",Healthcare,Fresher,Part-time,2026-07-05 20:30:16
Business Analyst,Airtel,"Remote, India",2.0-3.6 LPA,"Tableau, SQL, Power BI, Azure, Excel",Healthcare,Fresher,Contract,2026-05-24 15:23:16
Software Engineer,Wipro,"Chennai, India",4.0-7.5 LPA,"Docker, Python, SQL, Spark",Consulting,0-2 Years,Internship,2026-06-01 16:49:16
Senior Data Engineer,EY,"Hyderabad, India",18.2-49.0 LPA,"SQL, Tableau, Docker, AWS, Spark, Python, Azure, Excel",Retail,5+ Years,Internship,2026-06-21 14:29:16
Database Administrator,HCLTech,"Delhi NCR, India",7.0-14.0 LPA,"SQL, Azure, AWS, Excel",E-commerce,2-5 Years,Internship,2026-05-17 23:36:16
Python Developer,EY,"Chennai, India",4.0-7.5 LPA,"SQL, Docker, AWS, Power BI, Python",Information Technology,0-2 Years,Full-time,2026-06-29 01:02:16
Data Analyst,PhonePe,"Delhi NCR, India",10.4-28.0 LPA,"SQL, Tableau, Power BI, Azure, Excel",Retail,5+ Years,Full-time,2026-05-06 16:28:16
Machine Learning Engineer,KPMG,"Bangalore, India",13.0-35.0 LPA,"Tableau, Docker, AWS, Spark, Power BI, Python, Azure",E-commerce,5+ Years,Internship,2026-06-07 04:50:16
BI Developer,PwC,"Remote, India",7.0-14.0 LPA,"Tableau, SQL, Docker, AWS, Power BI, Excel",Retail,2-5 Years,Part-time,2026-04-24 13:49:16
Senior Data Engineer,Infosys,"Remote, India",5.6-10.5 LPA,"SQL, Docker, AWS, Spark, Python, Azure, Excel",Retail,0-2 Years,Part-time,2026-04-16 12:46:16
Software Engineer,Wipro,"Remote, India",13.0-35.0 LPA,"SQL, Tableau, Docker, Spark, Python",E-commerce,5+ Years,Contract,2026-06-16 12:20:16
Data Engineer,Accenture,"Remote, India",2.5-4.5 LPA,"SQL, Docker, AWS, Spark, Python, Excel",Retail,Fresher,Full-time,2026-05-02 18:34:16
Python Developer,ICICI Bank,"Remote, India",2.5-4.5 LPA,"SQL, Docker, AWS, Power BI, Python, Excel",Consulting,Fresher,Contract,2026-04-14 21:31:16
Data Scientist,Cognizant,"Noida, India",13.0-35.0 LPA,"SQL, AWS, Spark, Power BI, Python",Retail,5+ Years,Internship,2026-05-17 06:58:16
Machine Learning Engineer,Infosys,"Pune, India",2.5-4.5 LPA,"Tableau, Docker, AWS, Spark, Power BI, Python",Retail,Fresher,Full-time,2026-06-02 07:42:16
Full Stack Developer,Microsoft India,"Pune, India",7.0-14.0 LPA,"SQL, Docker, Power BI, Python, Azure",Telecommunications,2-5 Years,Internship,2026-04-24 22:59:16
Full Stack Developer,Airtel,"Remote, India",2.5-4.5 LPA,"SQL, Docker, AWS, Python, Azure",Healthcare,Fresher,Contract,2026-06-30 00:46:16
BI Developer,KPMG,"Delhi NCR, India",4.0-7.5 LPA,"Tableau, SQL, Power BI, Azure, Excel",Retail,0-2 Years,Internship,2026-06-24 02:20:16
Machine Learning Engineer,Wipro,"Pune, India",2.5-4.5 LPA,"Docker, Python, AWS, Spark",Consulting,Fresher,Full-time,2026-06-26 09:09:16
Cloud Architect,HCLTech,"Remote, India",3.5-6.3 LPA,"SQL, Docker, AWS, Power BI, Azure",Retail,Fresher,Full-time,2026-07-05 03:10:16
Python Developer,HCLTech,"Noida, India",13.0-35.0 LPA,"SQL, Docker, AWS, Python, Azure",Retail,5+ Years,Part-time,2026-06-26 11:02:16
Senior Data Engineer,Microsoft India,"Pune, India",5.6-10.5 LPA,"SQL, Docker, AWS, Spark, Python, Azure",Finance & Banking,0-2 Years,Full-time,2026-05-02 03:33:16
Cloud Architect,Reliance Jio,"Noida, India",3.5-6.3 LPA,"Docker, Azure, AWS, Excel",Healthcare,Fresher,Contract,2026-06-23 14:11:16
Software Engineer,Paytm,"Pune, India",4.0-7.5 LPA,"Docker, Python, SQL, Power BI",Consulting,0-2 Years,Internship,2026-07-05 01:16:16
BI Developer,HDFC Bank,"Pune, India",7.0-14.0 LPA,"Tableau, SQL, AWS, Power BI, Excel",E-commerce,2-5 Years,Full-time,2026-05-05 19:50:16
Machine Learning Engineer,EY,"Bangalore, India",4.0-7.5 LPA,"SQL, Tableau, Docker, AWS, Spark, Python",E-commerce,0-2 Years,Part-time,2026-04-09 19:16:16
Machine Learning Engineer,ICICI Bank,"Bangalore, India",2.5-4.5 LPA,"SQL, Docker, AWS, Spark, Python",Telecommunications,Fresher,Internship,2026-06-03 01:57:16
Data Scientist,ICICI Bank,"Delhi NCR, India",13.0-35.0 LPA,"Python, AWS, SQL, Spark",Finance & Banking,5+ Years,Full-time,2026-06-03 05:58:16
Database Administrator,HDFC Bank,"Hyderabad, India",2.5-4.5 LPA,"Docker, SQL, Azure, Excel",E-commerce,Fresher,Internship,2026-04-08 10:44:16
Senior Data Engineer,Airtel,"Pune, India",3.5-6.3 LPA,"SQL, Docker, AWS, Spark, Python, Azure",Consulting,Fresher,Contract,2026-05-09 04:12:16
Senior Data Engineer,Amazon,"Remote, India",9.8-19.6 LPA,"SQL, Docker, AWS, Spark, Power BI, Python, Azure",Telecommunications,2-5 Years,Contract,2026-07-04 05:03:16
Cloud Architect,Amazon,"Noida, India",5.6-10.5 LPA,"Docker, Azure, AWS",Consulting,0-2 Years,Internship,2026-05-30 23:00:16
Full Stack Developer,Infosys,"Chennai, India",35.0 LPA,"SQL, Docker, Power BI, Python, Azure, Excel",Consulting,5+ Years,Full-time,2026-06-30 04:34:16
Data Scientist,Reliance Jio,"Chennai, India",4.0-7.5 LPA,"Python, AWS, SQL, Spark",Healthcare,0-2 Years,Part-time,2026-05-14 06:19:16
Python Developer,Infosys,"Gurgaon, India",7.0-14.0 LPA,"Docker, Python, AWS, SQL",Healthcare,2-5 Years,Contract,2026-05-27 14:27:16
Full Stack Developer,Paytm,"Mumbai, India",7.0-14.0 LPA,"SQL, Docker, Spark, Python, Azure, Excel",Retail,2-5 Years,Part-time,2026-04-24 12:59:16
Business Analyst,KPMG,"Gurgaon, India",10.4-28.0 LPA,"Tableau, SQL, Spark, Power BI, Excel",Finance & Banking,5+ Years,Part-time,2026-04-15 10:56:16
Data Engineer,CRED,"Remote, India",4.0-7.5 LPA,"SQL, Docker, AWS, Spark, Power BI, Python, Azure",E-commerce,0-2 Years,Internship,2026-06-08 12:24:16
Business Analyst,Accenture,"Remote, India",2.0-3.6 LPA,"Tableau, SQL, AWS, Power BI, Excel",Healthcare,Fresher,Part-time,2026-05-18 16:34:16
Data Engineer,Google India,"Remote, India",4.0-7.5 LPA,"SQL, Docker, AWS, Spark, Python, Excel",Telecommunications,0-2 Years,Part-time,2026-04-20 22:18:16
Data Analyst,PhonePe,"Remote, India",6.0 LPA,"SQL, Tableau, Power BI, Azure, Excel",Consulting,0-2 Years,Full-time,2026-04-26 21:22:16
Data Engineer,PhonePe,"Gurgaon, India",2.5-4.5 LPA,"SQL, Docker, AWS, Spark, Python",Information Technology,Fresher,Contract,2026-04-27 00:36:16
Database Administrator,Accenture,"Pune, India",4.0-7.5 LPA,"SQL, Tableau, Power BI, Azure, Excel",Information Technology,0-2 Years,Internship,2026-04-19 21:33:16
Senior Data Engineer,Amazon,"Chennai, India",3.5-6.3 LPA,"SQL, Tableau, Docker, AWS, Spark, Python, Azure",Finance & Banking,Fresher,Part-time,2026-04-21 13:01:16
Data Scientist,HDFC Bank,"Gurgaon, India",2.5-4.5 LPA,"Python, AWS, SQL, Spark",Consulting,Fresher,Full-time,2026-05-26 07:26:16
Machine Learning Engineer,Google India,"Gurgaon, India",7.0-14.0 LPA,"Docker, AWS, Spark, Power BI, Python",Finance & Banking,2-5 Years,Internship,2026-05-27 07:55:16
Full Stack Developer,PhonePe,"Bangalore, India",7.0-14.0 LPA,"SQL, Docker, Power BI, Python, Azure, Excel",Finance & Banking,2-5 Years,Part-time,2026-04-10 09:56:16
Database Administrator,EY,"Mumbai, India",4.0-7.5 LPA,"SQL, Azure, AWS, Excel",Healthcare,0-2 Years,Full-time,2026-05-25 13:25:16
Senior Data Engineer,Microsoft India,"Mumbai, India",18.2-49.0 LPA,"SQL, Tableau, Docker, AWS, Spark, Power BI, Python, Azure",Healthcare,5+ Years,Contract,2026-06-16 00:14:16
BI Developer,Tech Mahindra,"Remote, India",13.0-35.0 LPA,"Tableau, SQL, Docker, Power BI, Excel",E-commerce,5+ Years,Full-time,2026-04-30 09:14:16
Machine Learning Engineer,EY,"Delhi NCR, India",7.0-14.0 LPA,"Tableau, Docker, AWS, Spark, Python",Information Technology,2-5 Years,Full-time,2026-06-15 15:43:16
Data Analyst,Accenture,"Remote, India",5.6-11.2 LPA,"SQL, Power BI, Tableau, Excel",Information Technology,2-5 Years,Contract,2026-05-16 13:23:16
Data Engineer,ICICI Bank,"Bangalore, India",4.0-7.5 LPA,"SQL, Docker, AWS, Spark, Python",Finance & Banking,0-2 Years,Internship,2026-05-06 14:27:16
Python Developer,Deloitte,"Remote, India",13.0-35.0 LPA,"Docker, Python, AWS, SQL",Consulting,5+ Years,Part-time,2026-05-13 21:44:16
Python Developer,Cognizant,"Delhi NCR, India",13.0-35.0 LPA,"Docker, Python, AWS, SQL",E-commerce,5+ Years,Internship,2026-06-23 20:35:16
